experiment_id,student_id,release_date,due_date,start_time,end_time,assignment_session_count,pretest_problem_count,pretest_correct,pretest_time_on_task,pretest_average_first_response_time,pretest_session_count,assigned_condition,condition_time_on_task,condition_average_first_response_or_request_time,condition_problem_count,condition_total_correct,condition_total_correct_after_wrong_response,condition_total_correct_after_tutoring,condition_total_answers_before_tutoring,condition_total_attempt_count,condition_total_hints_available,condition_total_hints_given,condition_total_scaffold_problems_available,condition_total_scaffold_problems_given,condition_total_explanations_available,condition_total_explanations_given,condition_total_answers_given,condition_session_count,posttest_problem_count,posttest_correct,posttest_time_on_task,posttest_average_first_response_time,posttest_session_count,assistments_reference_assignment_log_id
PSAZ2G4,14574,2021-04-15 09:30:55.953000-04:00,,2021-04-15 14:32:07.637000-04:00,2021-04-15 14:36:05.930000-04:00,1,1.0,1.0,32.507,32.493,1.0,Not Assigned,,,,,,,,,,,,,,,,,2.0,0.0,142.122,37.8975,1.0,15597292
PSAZ2G4,14581,2021-04-15 09:30:55.953000-04:00,,2021-04-15 14:32:40.120000-04:00,2021-04-15 14:40:09.265000-04:00,1,1.0,1.0,47.498,47.491,1.0,Not Assigned,,,,,,,,,,,,,,,,,2.0,0.0,229.913,61.659,1.0,15597347
PSAZ2G4,14584,2021-04-15 09:30:55.953000-04:00,,2021-04-15 14:32:34.405000-04:00,2021-04-15 14:36:33.769000-04:00,1,1.0,1.0,65.768,65.761,1.0,Not Assigned,,,,,,,,,,,,,,,,,2.0,2.0,70.612,35.301,1.0,15597332
PSAZ2G4,14588,2021-04-15 09:30:55.953000-04:00,,2021-04-15 14:32:46.244000-04:00,2021-04-15 14:43:41.615000-04:00,1,1.0,1.0,59.631,59.621,1.0,Not Assigned,,,,,,,,,,,,,,,,,2.0,1.0,122.271,56.631,1.0,15597362
PSAZ2G4,14592,2021-04-15 09:30:55.953000-04:00,,2021-04-15 14:32:20.238000-04:00,2021-04-15 14:40:06.490000-04:00,1,1.0,0.0,55.365,55.362,1.0,Not Assigned,,,,,,,,,,,,,,,,,2.0,2.0,186.507,93.2515,1.0,15597305
PSAZ2G4,14621,2021-04-15 09:30:55.953000-04:00,,2021-04-15 14:32:30.553000-04:00,2021-04-15 14:47:38.859000-04:00,1,1.0,1.0,113.53,113.521,1.0,Not Assigned,,,,,,,,,,,,,,,,,2.0,1.0,462.842,152.5635,1.0,15597325
PSAZ2G4,14623,2021-04-15 09:30:55.953000-04:00,,2021-04-15 14:32:11.384000-04:00,2021-04-15 14:44:08.776000-04:00,1,1.0,1.0,185.381,185.377,1.0,Not Assigned,,,,,,,,,,,,,,,,,2.0,2.0,228.222,114.1085,1.0,15597296
PSAZ2G4,14627,2021-04-15 09:30:55.953000-04:00,,2021-04-15 14:32:53.211000-04:00,2021-04-15 14:49:41.338000-04:00,1,1.0,0.0,155.978,155.97,1.0,Not Assigned,,,,,,,,,,,,,,,,,2.0,2.0,347.775,173.878,1.0,15597376
PSAZ2G4,14722,2021-04-15 09:30:55.953000-04:00,,2021-04-15 14:32:20.301000-04:00,2021-04-15 14:46:39.084000-04:00,1,1.0,1.0,206.015,206.01,1.0,Not Assigned,,,,,,,,,,,,,,,,,2.0,2.0,387.493,193.7415,1.0,15597306
PSAZ2G4,14732,2021-04-15 09:30:55.953000-04:00,,2021-04-15 14:32:26.838000-04:00,2021-04-15 14:39:47.530000-04:00,1,1.0,0.0,87.997,87.991,1.0,Not Assigned,,,,,,,,,,,,,,,,,2.0,0.0,24.627,4.7765,1.0,15597315
PSAZ2G4,15322,2021-04-15 09:30:55.953000-04:00,,2021-04-15 14:32:18.685000-04:00,2021-04-15 14:39:17.479000-04:00,1,1.0,0.0,55.87,55.862,1.0,Not Assigned,,,,,,,,,,,,,,,,,2.0,1.0,140.375,68.424,1.0,15597303
PSAZ2G4,47106,2021-04-15 09:30:55.953000-04:00,,2021-04-15 14:33:07.097000-04:00,2021-04-15 14:43:45.638000-04:00,1,1.0,1.0,44.466,44.46,1.0,Not Assigned,,,,,,,,,,,,,,,,,2.0,2.0,24.751,12.371,1.0,15597390
PSAZ2G4,155156,2020-05-02 21:11:15.140000-04:00,2020-05-08 21:00:00-04:00,2020-05-06 10:11:25.330000-04:00,,13,1.0,0.0,70.216,70.208,1.0,Not Assigned,,,,,,,,,,,,,,,,,,,,,,2905763
PSAZ2G4,155194,2020-05-02 21:11:15.139000-04:00,2020-05-08 21:00:00-04:00,2020-05-07 10:24:14.050000-04:00,2020-05-07 10:57:07.582000-04:00,1,1.0,0.0,78.253,78.251,1.0,Not Assigned,,,,,,,,,,,,,,,,,2.0,0.0,469.678,64.549,1.0,2969583
PSAZ2G4,155597,2020-05-02 21:11:15.140000-04:00,2020-05-08 21:00:00-04:00,2020-05-04 10:55:31.471000-04:00,,2,1.0,0.0,100197.66,100197.655,2.0,Not Assigned,,,,,,,,,,,,,,,,,,,,,,2776641
PSAZ2G4,155661,2020-05-02 21:11:15.140000-04:00,2020-05-08 21:00:00-04:00,2020-05-05 11:45:12.932000-04:00,,2,1.0,0.0,111.638,111.63,1.0,Not Assigned,,,,,,,,,,,,,,,,,,,,,,2852529
PSAZ2G4,155789,2020-05-02 21:11:15.139000-04:00,2020-05-08 21:00:00-04:00,2020-05-06 12:27:15.197000-04:00,2020-05-07 19:07:19.866000-04:00,3,1.0,0.0,715.957,715.94,1.0,Not Assigned,,,,,,,,,,,,,,,,,2.0,2.0,5078.927,2539.4465,1.0,2921912
PSAZ2G4,155836,2020-05-02 21:11:15.140000-04:00,2020-05-08 21:00:00-04:00,2020-05-04 11:51:33.718000-04:00,2020-05-05 11:29:01.348000-04:00,2,1.0,0.0,65.994,65.992,1.0,Not Assigned,,,,,,,,,,,,,,,,,2.0,2.0,445.564,222.778,1.0,2784123
PSAZ2G4,156161,2020-05-02 21:11:15.140000-04:00,2020-05-08 21:00:00-04:00,2020-05-05 09:19:43.073000-04:00,2020-05-05 09:41:05.463000-04:00,1,1.0,1.0,158.919,158.914,1.0,Not Assigned,,,,,,,,,,,,,,,,,2.0,2.0,440.464,220.229,1.0,2833482
PSAZ2G4,156282,2020-05-02 21:11:15.139000-04:00,2020-05-08 21:00:00-04:00,2020-05-04 15:21:08.460000-04:00,,5,1.0,0.0,16.971,16.965,1.0,Not Assigned,,,,,,,,,,,,,,,,,,,,,,2808680
PSAZ2G4,156415,2020-05-02 21:11:15.139000-04:00,2020-05-08 21:00:00-04:00,2020-05-04 12:40:10.505000-04:00,2020-05-04 13:10:28.128000-04:00,1,1.0,1.0,135.746,135.742,1.0,Not Assigned,,,,,,,,,,,,,,,,,2.0,0.0,340.58,64.614,1.0,2790637
PSAZ2G4,156854,2020-05-02 21:11:15.140000-04:00,2020-05-08 21:00:00-04:00,2020-05-04 10:57:23.874000-04:00,,3,1.0,0.0,58.144,58.142,1.0,Not Assigned,,,,,,,,,,,,,,,,,,,,,,2776888
PSAZ2G4,157184,2020-05-02 21:11:15.140000-04:00,2020-05-08 21:00:00-04:00,2020-05-06 17:38:07.374000-04:00,2020-05-19 11:24:13.686000-04:00,3,1.0,0.0,12.188,12.18,1.0,Not Assigned,,,,,,,,,,,,,,,,,2.0,1.0,385.861,82.2115,1.0,2946879
PSAZ2G4,157652,2020-05-02 21:11:15.139000-04:00,2020-05-08 21:00:00-04:00,2020-06-15 15:30:48.955000-04:00,2020-06-17 15:25:51.327000-04:00,2,1.0,0.0,392.017,392.01,1.0,Not Assigned,,,,,,,,,,,,,,,,,2.0,1.0,5881.449,2929.1535,1.0,3919585
PSAZ2G4,157805,2020-05-02 21:11:15.140000-04:00,2020-05-08 21:00:00-04:00,2020-05-04 18:42:08.523000-04:00,,4,1.0,0.0,12.513,12.507,1.0,Not Assigned,,,,,,,,,,,,,,,,,,,,,,2819582
PSAZ2G4,160641,2020-05-02 21:11:15.139000-04:00,2020-05-08 21:00:00-04:00,2020-05-06 10:47:05.571000-04:00,2020-05-06 11:13:59.432000-04:00,1,1.0,1.0,843.05,843.039,1.0,Not Assigned,,,,,,,,,,,,,,,,,2.0,2.0,453.971,226.9835,1.0,2909880
PSAZ2G4,160961,2020-05-02 21:11:15.139000-04:00,2020-05-08 21:00:00-04:00,2020-05-04 11:57:21.675000-04:00,2020-05-04 13:14:35.414000-04:00,1,1.0,0.0,184.962,184.954,1.0,Not Assigned,,,,,,,,,,,,,,,,,2.0,1.0,1890.438,620.032,1.0,2784864
PSAZ2G4,166055,2020-05-02 21:11:15.139000-04:00,2020-05-08 21:00:00-04:00,2020-05-07 14:18:04.116000-04:00,2020-05-08 09:57:15.259000-04:00,2,1.0,0.0,24.1,24.088,1.0,Not Assigned,,,,,,,,,,,,,,,,,2.0,1.0,552.962,86.969,1.0,2997567
PSAZ2G4,177027,2020-05-02 21:11:15.140000-04:00,2020-05-08 21:00:00-04:00,2020-05-07 19:36:06.291000-04:00,,1,1.0,0.0,8.452,8.45,1.0,Not Assigned,,,,,,,,,,,,,,,,,,,,,,3013506
PSAZ2G4,177763,2020-05-02 21:11:15.139000-04:00,2020-05-08 21:00:00-04:00,2020-05-05 15:22:15.484000-04:00,2020-05-06 13:26:23.918000-04:00,4,1.0,0.0,69.33,69.326,1.0,Not Assigned,,,,,,,,,,,,,,,,,2.0,1.0,172.968,69.402,1.0,2878363
PSAZ2G4,193417,2020-05-02 21:11:15.139000-04:00,2020-05-08 21:00:00-04:00,2020-05-05 12:05:24.581000-04:00,,1,1.0,0.0,24.755,24.745,1.0,Not Assigned,,,,,,,,,,,,,,,,,,,,,,2855226
PSAZ2G4,194875,2020-05-02 21:11:15.139000-04:00,2020-05-08 21:00:00-04:00,2020-05-04 10:03:03.379000-04:00,,1,,,,,,Not Assigned,,,,,,,,,,,,,,,,,,,,,,2770049
PSAZ2G4,196152,2020-05-02 21:11:15.140000-04:00,2020-05-08 21:00:00-04:00,2020-05-04 11:13:40.389000-04:00,,5,1.0,0.0,82400.635,82400.628,2.0,Not Assigned,,,,,,,,,,,,,,,,,,,,,,2779046
PSAZ2G4,196965,2020-05-02 21:11:15.139000-04:00,2020-05-08 21:00:00-04:00,2020-05-08 21:14:45.385000-04:00,2020-05-08 22:16:46.751000-04:00,1,1.0,0.0,90.083,90.077,1.0,Not Assigned,,,,,,,,,,,,,,,,,2.0,0.0,239.435,37.6895,1.0,3057163
PSAZ2G4,202612,2020-05-02 21:11:15.139000-04:00,2020-05-08 21:00:00-04:00,2020-05-04 12:12:23.867000-04:00,,3,1.0,0.0,5.924,5.919,1.0,Not Assigned,,,,,,,,,,,,,,,,,,,,,,2786889
PSAZ2G4,204041,2020-05-02 21:11:15.139000-04:00,2020-05-08 21:00:00-04:00,2020-05-08 21:13:08.341000-04:00,,1,1.0,0.0,53.057,53.053,1.0,Not Assigned,,,,,,,,,,,,,,,,,,,,,,3057142
PSAZ2G4,205590,2020-05-02 21:11:15.140000-04:00,2020-05-08 21:00:00-04:00,2020-05-12 21:50:07.485000-04:00,,1,,,,,,Not Assigned,,,,,,,,,,,,,,,,,,,,,,3196651
PSAZ2G4,217007,2020-05-02 21:11:15.140000-04:00,2020-05-08 21:00:00-04:00,2020-05-04 12:35:20.063000-04:00,,1,1.0,0.0,226.6,226.594,1.0,Not Assigned,,,,,,,,,,,,,,,,,,,,,,2789994
PSAZ2G4,218613,2020-05-02 21:11:15.140000-04:00,2020-05-08 21:00:00-04:00,2020-05-14 11:13:20.631000-04:00,2020-05-14 11:35:12.739000-04:00,1,1.0,0.0,82.644,82.637,1.0,Not Assigned,,,,,,,,,,,,,,,,,2.0,0.0,552.801,189.8445,1.0,3273554
PSAZ2G4,223272,2020-05-02 21:11:15.140000-04:00,2020-05-08 21:00:00-04:00,2020-05-05 12:50:09.446000-04:00,2020-05-06 11:44:51.992000-04:00,2,1.0,1.0,81417.02,81417.018,2.0,Not Assigned,,,,,,,,,,,,,,,,,2.0,1.0,587.105,284.923,1.0,2861452
PSAZ2G4,226443,2020-05-02 21:11:15.139000-04:00,2020-05-08 21:00:00-04:00,2020-05-05 13:19:48.557000-04:00,,2,1.0,0.0,163.582,163.579,1.0,Not Assigned,,,,,,,,,,,,,,,,,,,,,,2865546
PSAZ2G4,228649,2020-05-02 21:11:15.140000-04:00,2020-05-08 21:00:00-04:00,2020-05-14 08:55:42.620000-04:00,,2,1.0,0.0,58.624,58.616,1.0,Not Assigned,,,,,,,,,,,,,,,,,,,,,,3259967
PSAZ2G4,231989,2020-05-02 21:11:15.140000-04:00,2020-05-08 21:00:00-04:00,2020-05-04 13:00:27.178000-04:00,2020-05-04 13:25:57.326000-04:00,1,1.0,0.0,86.969,86.96,1.0,Not Assigned,,,,,,,,,,,,,,,,,2.0,1.0,557.604,61.328,1.0,2793314
PSAZ2G4,234096,2020-05-02 21:11:15.140000-04:00,2020-05-08 21:00:00-04:00,2020-05-04 09:28:53.653000-04:00,2020-05-07 10:58:25.602000-04:00,4,1.0,0.0,23.924,23.918,1.0,Not Assigned,,,,,,,,,,,,,,,,,2.0,0.0,392.889,168.555,1.0,2766381
PSAZ2G4,242745,2020-05-02 21:11:15.139000-04:00,2020-05-08 21:00:00-04:00,2020-05-07 12:19:45.893000-04:00,,2,1.0,0.0,44.85,44.841,1.0,Not Assigned,,,,,,,,,,,,,,,,,,,,,,2983715
PSAZ2G4,243554,2020-05-02 21:11:15.140000-04:00,2020-05-08 21:00:00-04:00,2020-05-06 18:56:04.421000-04:00,2020-05-06 20:25:37.780000-04:00,2,1.0,1.0,489.242,489.234,1.0,Not Assigned,,,,,,,,,,,,,,,,,2.0,1.0,265.565,75.269,1.0,2949743
PSAZ2G4,249919,2020-05-02 21:11:15.139000-04:00,2020-05-08 21:00:00-04:00,2020-05-07 09:06:43.737000-04:00,2020-05-08 09:59:35.238000-04:00,2,1.0,0.0,162.342,162.333,1.0,Not Assigned,,,,,,,,,,,,,,,,,2.0,2.0,109.692,54.8405,1.0,2961518
PSAZ2G4,250495,2020-05-02 21:11:15.140000-04:00,2020-05-08 21:00:00-04:00,2020-05-04 14:45:59.280000-04:00,,6,1.0,0.0,8.373,8.367,1.0,Not Assigned,,,,,,,,,,,,,,,,,,,,,,2805672
PSAZ2G4,258781,2020-05-02 21:11:15.139000-04:00,2020-05-08 21:00:00-04:00,2020-05-04 18:52:47.228000-04:00,,2,1.0,0.0,4142100.928,4142100.905,2.0,Not Assigned,,,,,,,,,,,,,,,,,,,,,,2819946
PSAZ2G4,286463,2020-05-02 21:11:15.140000-04:00,2020-05-08 21:00:00-04:00,2020-05-05 13:41:24.221000-04:00,,2,,,,,,Not Assigned,,,,,,,,,,,,,,,,,,,,,,2868300
PSAZ2G4,291202,2020-05-02 21:11:15.140000-04:00,2020-05-08 21:00:00-04:00,2020-05-04 14:28:49.391000-04:00,,1,1.0,0.0,94.065,94.06,1.0,Not Assigned,,,,,,,,,,,,,,,,,,,,,,2803921
PSAZ2G4,296516,2020-05-02 21:11:15.139000-04:00,2020-05-08 21:00:00-04:00,2020-05-05 20:48:14.468000-04:00,2020-05-05 21:16:07.221000-04:00,1,1.0,1.0,325.46,325.453,1.0,Not Assigned,,,,,,,,,,,,,,,,,2.0,0.0,599.721,52.3295,1.0,2892179
PSAZ2G4,304561,2020-05-02 21:11:15.140000-04:00,2020-05-08 21:00:00-04:00,2020-05-05 20:48:44.328000-04:00,,7,1.0,0.0,38.452,38.45,1.0,Not Assigned,,,,,,,,,,,,,,,,,,,,,,2892194
PSAZ2G4,368056,2020-05-02 21:11:15.140000-04:00,2020-05-08 21:00:00-04:00,2020-05-08 16:58:13.425000-04:00,,1,1.0,,,,1.0,Not Assigned,,,,,,,,,,,,,,,,,,,,,,3051923
PSAZ2G4,411057,2021-04-15 09:30:55.953000-04:00,,2021-04-15 14:33:13.728000-04:00,,1,1.0,1.0,74.761,74.753,1.0,Not Assigned,,,,,,,,,,,,,,,,,,,,,,15597398
PSAZ2G4,411076,2021-04-15 09:30:55.953000-04:00,,2021-04-15 14:33:49.658000-04:00,2021-04-15 14:49:40.012000-04:00,1,1.0,1.0,139.285,139.282,1.0,Not Assigned,,,,,,,,,,,,,,,,,2.0,2.0,6.051,3.0235,1.0,15597438
PSAZ2G4,411077,2021-04-15 09:30:55.953000-04:00,,2021-04-15 14:32:47.817000-04:00,2021-04-15 14:59:27.987000-04:00,1,1.0,0.0,222.532,222.523,1.0,Not Assigned,,,,,,,,,,,,,,,,,2.0,2.0,283.585,141.788,1.0,15597366
PSAZ2G4,411078,2021-04-15 09:30:55.953000-04:00,,2021-04-15 14:32:36.176000-04:00,2021-04-15 14:44:33.515000-04:00,1,1.0,1.0,56.11,56.105,1.0,Not Assigned,,,,,,,,,,,,,,,,,2.0,2.0,488.887,244.44,1.0,15597337
PSAZ2G4,411081,2021-04-15 09:30:55.953000-04:00,,2021-04-15 14:32:53.252000-04:00,2021-04-15 14:40:53.629000-04:00,1,1.0,0.0,67.105,67.098,1.0,Not Assigned,,,,,,,,,,,,,,,,,2.0,1.0,157.338,52.5815,1.0,15597375
PSAZ2G4,415115,2020-12-14 12:45:00-05:00,2020-12-14 20:47:00-05:00,2020-12-14 12:47:20.736000-05:00,,1,1.0,,,,1.0,Not Assigned,,,,,,,,,,,,,,,,,,,,,,11208466
PSAZ2G4,415117,2020-12-14 12:45:00-05:00,2020-12-14 20:47:00-05:00,2020-12-14 12:45:45.221000-05:00,,1,,,,,,Not Assigned,,,,,,,,,,,,,,,,,,,,,,11208237
PSAZ2G4,415163,2020-12-14 12:45:00-05:00,2020-12-14 20:47:00-05:00,2020-12-14 13:08:32.784000-05:00,,1,,,,,,Not Assigned,,,,,,,,,,,,,,,,,,,,,,11211551
PSAZ2G4,415227,2020-12-14 12:45:00-05:00,2020-12-14 20:47:00-05:00,2020-12-14 13:32:40.242000-05:00,,1,1.0,,,,1.0,Not Assigned,,,,,,,,,,,,,,,,,,,,,,11215111
PSAZ2G4,415260,2020-12-14 12:45:00-05:00,2020-12-14 20:47:00-05:00,2020-12-14 14:06:05.605000-05:00,,1,,,,,,Not Assigned,,,,,,,,,,,,,,,,,,,,,,11220644
PSAZ2G4,415281,2020-12-14 12:45:00-05:00,2020-12-14 20:47:00-05:00,2020-12-14 14:05:29.470000-05:00,,1,1.0,0.0,24.038,24.033,1.0,Not Assigned,,,,,,,,,,,,,,,,,,,,,,11220493
PSAZ2G4,415518,2020-12-14 12:45:00-05:00,2020-12-14 20:47:00-05:00,2020-12-14 16:38:22.951000-05:00,,1,1.0,0.0,40.181,40.174,1.0,Not Assigned,,,,,,,,,,,,,,,,,,,,,,11236138
PSAZ2G4,418756,2020-12-14 12:45:00-05:00,2020-12-14 20:47:00-05:00,2020-12-14 14:28:20.861000-05:00,,1,1.0,0.0,60.676,60.669,1.0,Not Assigned,,,,,,,,,,,,,,,,,,,,,,11223981
PSAZ2G4,418761,2020-12-14 12:45:00-05:00,2020-12-14 20:47:00-05:00,2020-12-15 13:23:31.726000-05:00,,2,1.0,0.0,41904.395,41904.391,2.0,Not Assigned,,,,,,,,,,,,,,,,,,,,,,11291155
PSAZ2G4,419262,2021-04-15 09:30:55.953000-04:00,,2021-04-15 14:31:56.357000-04:00,2021-04-15 14:46:35.190000-04:00,1,1.0,0.0,138.846,138.84,1.0,Not Assigned,,,,,,,,,,,,,,,,,2.0,1.0,221.581,60.569,1.0,15597279
PSAZ2G4,474125,2020-09-01 09:00:00-04:00,2020-09-01 13:35:00-04:00,2020-09-01 12:49:49.174000-04:00,2020-09-01 13:15:36.457000-04:00,1,1.0,0.0,6.56,6.559,1.0,Not Assigned,,,,,,,,,,,,,,,,,2.0,0.0,536.873,245.9175,1.0,4571467
PSAZ2G4,474126,2020-09-01 09:00:00-04:00,2020-09-01 13:35:00-04:00,2020-09-01 12:51:18.323000-04:00,2020-09-01 13:15:33.727000-04:00,1,1.0,0.0,6.148,6.147,1.0,Not Assigned,,,,,,,,,,,,,,,,,2.0,1.0,935.091,386.795,1.0,4571748
PSAZ2G4,474130,2020-09-01 09:00:00-04:00,2020-09-01 13:35:00-04:00,2020-09-01 12:52:49.696000-04:00,2020-09-01 13:06:17.241000-04:00,1,1.0,0.0,56.72,56.718,1.0,Not Assigned,,,,,,,,,,,,,,,,,2.0,1.0,235.04,62.046,1.0,4572030
PSAZ2G4,474131,2020-09-01 09:00:00-04:00,2020-09-01 13:35:00-04:00,2020-09-01 12:51:11.892000-04:00,2020-09-01 13:00:48.481000-04:00,1,1.0,1.0,223.755,223.754,1.0,Not Assigned,,,,,,,,,,,,,,,,,2.0,1.0,143.384,59.533,1.0,4571727
PSAZ2G4,474133,2020-09-01 09:00:00-04:00,2020-09-01 13:35:00-04:00,2020-09-01 12:54:36.563000-04:00,2020-09-01 13:23:33.391000-04:00,1,1.0,0.0,25.164,25.162,1.0,Not Assigned,,,,,,,,,,,,,,,,,2.0,2.0,254.78,127.388,1.0,4572355
PSAZ2G4,474134,2020-09-01 09:00:00-04:00,2020-09-01 13:35:00-04:00,2020-09-01 12:53:37.423000-04:00,2020-09-01 13:11:46.561000-04:00,2,1.0,0.0,240.494,240.493,1.0,Not Assigned,,,,,,,,,,,,,,,,,2.0,2.0,162.639,81.3175,1.0,4572192
PSAZ2G4,474137,2020-09-01 09:00:00-04:00,2020-09-01 13:35:00-04:00,2020-09-01 11:06:25.879000-04:00,2020-09-01 13:21:01.109000-04:00,3,1.0,0.0,443.052,443.047,1.0,Not Assigned,,,,,,,,,,,,,,,,,2.0,2.0,267.662,133.8275,1.0,4554708
PSAZ2G4,474138,2020-09-01 09:00:00-04:00,2020-09-01 13:35:00-04:00,2020-09-01 12:57:19.434000-04:00,2020-09-01 13:09:56.010000-04:00,1,1.0,1.0,139.216,139.215,1.0,Not Assigned,,,,,,,,,,,,,,,,,2.0,2.0,144.718,72.358,1.0,4572845
PSAZ2G4,474139,2020-09-01 09:00:00-04:00,2020-09-01 13:35:00-04:00,2020-09-01 12:52:01.930000-04:00,2020-09-01 13:00:37.568000-04:00,1,1.0,1.0,112.839,112.834,1.0,Not Assigned,,,,,,,,,,,,,,,,,2.0,1.0,266.915,87.6905,1.0,4571882
PSAZ2G4,474140,2020-09-01 09:00:00-04:00,2020-09-01 13:35:00-04:00,2020-09-04 13:21:31.336000-04:00,,1,1.0,0.0,52.583,52.581,1.0,Not Assigned,,,,,,,,,,,,,,,,,,,,,,4817296
PSAZ2G4,474142,2020-09-01 09:00:00-04:00,2020-09-01 13:35:00-04:00,2020-09-01 12:48:32.382000-04:00,2020-09-01 13:05:54.957000-04:00,1,1.0,1.0,276.497,276.494,1.0,Not Assigned,,,,,,,,,,,,,,,,,2.0,2.0,574.787,287.3905,1.0,4571259
PSAZ2G4,474174,2020-09-01 09:00:00-04:00,2020-09-01 13:35:00-04:00,2020-09-01 12:51:41.927000-04:00,2020-09-01 13:11:44.356000-04:00,1,1.0,1.0,103.689,103.688,1.0,Not Assigned,,,,,,,,,,,,,,,,,2.0,2.0,340.262,170.1285,1.0,4571841
PSAZ2G4,529048,2020-09-01 09:00:00-04:00,2020-09-01 13:35:00-04:00,2020-09-01 12:51:42.244000-04:00,2020-09-01 13:00:52.444000-04:00,1,1.0,1.0,151.877,151.876,1.0,Not Assigned,,,,,,,,,,,,,,,,,2.0,2.0,161.888,80.9415,1.0,4571817
PSAZ2G4,544215,2020-09-01 09:00:00-04:00,2020-09-01 13:35:00-04:00,2020-09-01 12:52:03.698000-04:00,2020-09-01 13:09:55.396000-04:00,1,1.0,1.0,37.373,37.371,1.0,Not Assigned,,,,,,,,,,,,,,,,,2.0,0.0,614.069,90.0955,1.0,4571887
PSAZ2G4,550628,2021-01-15 10:45:00-05:00,,2021-01-15 11:36:17.994000-05:00,2021-01-20 17:35:05.824000-05:00,3,1.0,0.0,76.81,76.804,1.0,Not Assigned,,,,,,,,,,,,,,,,,2.0,0.0,107.056,28.033,1.0,12180431
PSAZ2G4,628176,2021-01-15 10:45:00-05:00,,2021-01-21 12:29:42.389000-05:00,,1,1.0,,,,1.0,Not Assigned,,,,,,,,,,,,,,,,,,,,,,12400613
PSAZ2G4,628242,2021-01-15 10:45:00-05:00,,2021-01-18 15:29:53.638000-05:00,,1,1.0,0.0,12.085,12.083,1.0,Not Assigned,,,,,,,,,,,,,,,,,,,,,,12224435
PSAZ2G4,628249,2021-01-15 10:45:00-05:00,,2021-01-15 13:37:15.920000-05:00,,2,1.0,0.0,63.93,63.921,1.0,Not Assigned,,,,,,,,,,,,,,,,,,,,,,12194203
PSAZ2G4,628259,2021-01-15 10:45:00-05:00,,2021-01-15 13:22:56.780000-05:00,,4,1.0,0.0,63.282,63.272,1.0,Not Assigned,,,,,,,,,,,,,,,,,,,,,,12192585
PSAZ2G4,628336,2021-01-15 10:45:00-05:00,,2021-01-15 12:36:11.336000-05:00,2021-01-15 14:42:49.040000-05:00,1,1.0,0.0,3318.354,3318.336,1.0,Not Assigned,,,,,,,,,,,,,,,,,2.0,2.0,752.577,376.2825,1.0,12187523
PSAZ2G4,628652,2021-01-15 10:45:00-05:00,,2021-01-19 11:33:38.120000-05:00,2021-01-19 11:35:29.458000-05:00,1,1.0,0.0,10.936,10.93,1.0,Not Assigned,,,,,,,,,,,,,,,,,2.0,2.0,10.624,5.307,1.0,12251827
PSAZ2G4,630380,2021-01-15 10:45:00-05:00,,2021-01-15 11:07:47.043000-05:00,2021-01-15 11:43:29.716000-05:00,1,1.0,0.0,6.16,6.153,1.0,Not Assigned,,,,,,,,,,,,,,,,,2.0,0.0,332.747,55.2575,1.0,12177051
PSAZ2G4,630411,2021-01-15 10:45:00-05:00,,2021-01-16 14:35:40.095000-05:00,,7,1.0,0.0,81014.881,81014.869,2.0,Not Assigned,,,,,,,,,,,,,,,,,,,,,,12214093
PSAZ2G4,631030,2021-01-15 10:45:00-05:00,,2021-01-20 17:22:54.337000-05:00,,3,1.0,0.0,16.2,16.193,1.0,Not Assigned,,,,,,,,,,,,,,,,,,,,,,12357206
PSAZ2G4,631036,2021-01-15 10:45:00-05:00,,2021-01-15 14:26:09.171000-05:00,,1,1.0,0.0,92.375,92.366,1.0,Not Assigned,,,,,,,,,,,,,,,,,,,,,,12200123
PSAZ2G4,631044,2021-01-15 10:45:00-05:00,,2021-01-18 21:40:55.619000-05:00,2021-01-18 21:48:28.506000-05:00,1,1.0,1.0,131.73,131.721,1.0,Not Assigned,,,,,,,,,,,,,,,,,2.0,2.0,159.627,79.808,1.0,12227604
PSAZ2G4,631050,2021-01-15 10:45:00-05:00,,2021-01-19 19:18:19.382000-05:00,2021-01-21 12:21:02.171000-05:00,4,1.0,0.0,1070.896,1070.888,1.0,Not Assigned,,,,,,,,,,,,,,,,,2.0,1.0,145816.725,72866.8855,3.0,12294691
PSAZ2G4,631053,2021-01-15 10:45:00-05:00,,2021-01-16 21:37:00.952000-05:00,,2,1.0,0.0,141.39,141.353,1.0,Not Assigned,,,,,,,,,,,,,,,,,,,,,,12215437
PSAZ2G4,631055,2021-01-15 10:45:00-05:00,,2021-01-15 12:48:11.314000-05:00,2021-01-15 13:39:31.705000-05:00,1,1.0,0.0,79.306,79.298,1.0,Not Assigned,,,,,,,,,,,,,,,,,2.0,1.0,369.109,145.063,1.0,12188755
PSAZ2G4,631058,2021-01-15 10:45:00-05:00,,2021-01-15 17:12:19.300000-05:00,2021-01-15 17:32:57.853000-05:00,1,1.0,0.0,182.19,182.182,1.0,Not Assigned,,,,,,,,,,,,,,,,,2.0,2.0,257.166,128.578,1.0,12208916
PSAZ2G4,631090,2021-01-15 10:45:00-05:00,,2021-01-15 13:23:48.691000-05:00,2021-01-19 18:31:44.334000-05:00,5,1.0,0.0,60.845,60.838,1.0,Not Assigned,,,,,,,,,,,,,,,,,2.0,2.0,407.934,203.9615,1.0,12192670
PSAZ2G4,631270,2021-01-15 10:45:00-05:00,,2021-01-15 13:29:02.461000-05:00,2021-01-15 13:48:26.093000-05:00,1,1.0,0.0,166.036,166.027,1.0,Not Assigned,,,,,,,,,,,,,,,,,2.0,2.0,465.264,232.622,1.0,12193222
PSAZ2G4,631395,2021-01-15 10:45:00-05:00,,2021-01-27 00:34:53.080000-05:00,,2,1.0,0.0,41.969,41.961,1.0,Not Assigned,,,,,,,,,,,,,,,,,,,,,,12651203
PSAZ2G4,633245,2021-01-15 10:45:00-05:00,,2021-01-15 22:29:57.047000-05:00,2021-01-15 23:55:07.168000-05:00,1,1.0,0.0,344.286,344.255,1.0,Not Assigned,,,,,,,,,,,,,,,,,2.0,1.0,671.334,207.082,1.0,12212246
PSAZ2G4,645041,2021-04-30 12:44:10.613000-04:00,,2021-05-02 13:19:57.950000-04:00,2021-05-02 20:16:06.563000-04:00,3,1.0,0.0,33.108,33.101,1.0,Not Assigned,,,,,,,,,,,,,,,,,2.0,1.0,410.682,176.586,1.0,16064646
PSAZ2G4,650992,2021-04-30 23:10:00-04:00,,2021-05-13 15:53:45.867000-04:00,2021-05-13 16:21:59.587000-04:00,1,1.0,0.0,267.123,267.116,1.0,Not Assigned,,,,,,,,,,,,,,,,,2.0,1.0,497.383,229.1255,1.0,16390088
PSAZ2G4,652027,2021-04-30 12:44:10.613000-04:00,,2021-04-30 12:44:14.773000-04:00,,2,1.0,0.0,66.279,66.277,1.0,Not Assigned,,,,,,,,,,,,,,,,,,,,,,16048884
PSAZ2G4,678194,2021-04-30 12:44:10.613000-04:00,,2021-05-04 13:29:47.572000-04:00,,2,1.0,0.0,47.676,47.663,1.0,Not Assigned,,,,,,,,,,,,,,,,,,,,,,16130732
PSAZ2G4,679024,2021-01-15 10:45:00-05:00,,2021-01-18 17:11:34.782000-05:00,,1,1.0,0.0,31.179,31.17,1.0,Not Assigned,,,,,,,,,,,,,,,,,,,,,,12225302
PSAZ2G4,680278,2021-05-14 08:00:00-04:00,2021-05-17 14:30:00-04:00,2021-05-14 09:09:12.902000-04:00,2021-05-14 09:56:03.652000-04:00,2,1.0,1.0,75.787,75.751,1.0,Not Assigned,,,,,,,,,,,,,,,,,2.0,2.0,688.066,344.01,1.0,16398471
PSAZ2G4,680553,2021-05-14 08:00:00-04:00,2021-05-17 14:30:00-04:00,2021-05-17 11:27:31.140000-04:00,,2,1.0,0.0,461.712,461.702,2.0,Not Assigned,,,,,,,,,,,,,,,,,,,,,,16435807
PSAZ2G4,680598,2021-05-14 08:00:00-04:00,2021-05-17 14:30:00-04:00,2021-05-17 10:36:36.787000-04:00,2021-05-17 10:51:30.177000-04:00,1,1.0,0.0,30.078,30.07,1.0,Not Assigned,,,,,,,,,,,,,,,,,2.0,0.0,87.526,21.948,1.0,16432561
PSAZ2G4,680705,2021-05-14 08:00:00-04:00,2021-05-17 14:30:00-04:00,2021-05-17 08:37:14.208000-04:00,2021-05-17 08:48:26.911000-04:00,1,1.0,1.0,78.828,78.82,1.0,Not Assigned,,,,,,,,,,,,,,,,,2.0,1.0,233.376,101.642,1.0,16426113
PSAZ2G4,680731,2021-05-14 08:00:00-04:00,2021-05-17 14:30:00-04:00,2021-05-18 09:10:29.819000-04:00,,2,1.0,0.0,208.82,208.798,1.0,Not Assigned,,,,,,,,,,,,,,,,,,,,,,16460374
PSAZ2G4,680750,2021-05-14 08:00:00-04:00,2021-05-17 14:30:00-04:00,2021-05-16 22:54:52.938000-04:00,,4,1.0,0.0,50436.979,50436.968,2.0,Not Assigned,,,,,,,,,,,,,,,,,,,,,,16424500
PSAZ2G4,680975,2021-05-14 08:00:00-04:00,2021-05-17 14:30:00-04:00,2021-05-17 11:56:52.445000-04:00,2021-05-17 12:43:43.191000-04:00,2,1.0,1.0,62.506,62.498,1.0,Not Assigned,,,,,,,,,,,,,,,,,2.0,0.0,89.869,31.751,1.0,16437754
PSAZ2G4,689065,2021-04-30 23:10:00-04:00,,2021-05-03 12:16:13.092000-04:00,2021-05-04 01:04:26.985000-04:00,3,1.0,1.0,43774.152,43774.118,2.0,Not Assigned,,,,,,,,,,,,,,,,,2.0,1.0,1402.465,238.973,1.0,16083942
PSAZ2G4,693518,2021-05-14 08:00:00-04:00,2021-05-17 14:30:00-04:00,2021-05-14 08:21:42.256000-04:00,,1,1.0,0.0,178.944,178.916,1.0,Not Assigned,,,,,,,,,,,,,,,,,,,,,,16396921
PSAZ2G4,693556,2021-05-14 08:00:00-04:00,2021-05-17 14:30:00-04:00,2021-05-17 10:46:39.859000-04:00,,2,1.0,0.0,5730.881,5730.843,2.0,Not Assigned,,,,,,,,,,,,,,,,,,,,,,16433115
PSAZ2G4,710259,2021-05-14 08:00:00-04:00,2021-05-17 14:30:00-04:00,2021-05-14 10:55:06.378000-04:00,2021-05-14 13:11:18.605000-04:00,1,1.0,0.0,126.919,126.91,1.0,Not Assigned,,,,,,,,,,,,,,,,,2.0,2.0,541.303,270.642,1.0,16403413
PSAZ2G4,710398,2021-05-14 08:00:00-04:00,2021-05-17 14:30:00-04:00,2021-05-17 12:51:07.215000-04:00,,1,1.0,0.0,123.686,123.678,1.0,Not Assigned,,,,,,,,,,,,,,,,,,,,,,16441355
PSAZ2G4,710424,2021-05-14 08:00:00-04:00,2021-05-17 14:30:00-04:00,2021-05-17 08:03:55.357000-04:00,2021-05-17 08:45:04.190000-04:00,1,1.0,1.0,652.536,652.496,1.0,Not Assigned,,,,,,,,,,,,,,,,,2.0,1.0,680.325,198.0055,1.0,16425497
PSAZ2G4,710593,2021-05-14 08:00:00-04:00,2021-05-17 14:30:00-04:00,2021-05-17 10:39:59.331000-04:00,,1,1.0,0.0,386.319,386.286,1.0,Not Assigned,,,,,,,,,,,,,,,,,,,,,,16432723
PSAZ2G4,712217,2021-05-14 08:00:00-04:00,2021-05-17 14:30:00-04:00,2021-05-17 08:22:36.288000-04:00,2021-05-17 08:39:33.613000-04:00,1,1.0,0.0,77.849,77.84,1.0,Not Assigned,,,,,,,,,,,,,,,,,2.0,1.0,325.324,86.326,1.0,16425762
PSAZ2G4,713478,2021-05-14 08:00:00-04:00,2021-05-17 14:30:00-04:00,2021-05-14 13:24:42.152000-04:00,,2,1.0,0.0,91.892,91.858,1.0,Not Assigned,,,,,,,,,,,,,,,,,,,,,,16411929
PSAZ2G4,714323,2021-05-14 08:00:00-04:00,2021-05-17 14:30:00-04:00,2021-05-14 09:02:47.875000-04:00,2021-05-14 09:13:41.326000-04:00,1,1.0,0.0,70.941,70.93,1.0,Not Assigned,,,,,,,,,,,,,,,,,2.0,0.0,202.954,63.7385,1.0,16398154
PSAZ2G4,715036,2021-05-14 08:00:00-04:00,2021-05-17 14:30:00-04:00,2021-05-17 10:40:51.106000-04:00,2021-05-17 10:56:34.830000-04:00,1,1.0,1.0,108.387,108.385,1.0,Not Assigned,,,,,,,,,,,,,,,,,2.0,1.0,433.307,170.58,1.0,16432765
PSAZ2G4,715359,2021-05-14 08:00:00-04:00,2021-05-17 14:30:00-04:00,2021-05-14 12:25:25.729000-04:00,,2,1.0,0.0,41.129,41.117,1.0,Not Assigned,,,,,,,,,,,,,,,,,,,,,,16408650
PSAZ2G4,715420,2021-05-14 08:00:00-04:00,2021-05-17 14:30:00-04:00,2021-05-19 18:29:42.720000-04:00,,2,1.0,0.0,41.072,41.063,1.0,Not Assigned,,,,,,,,,,,,,,,,,,,,,,16514955
PSAZ2G4,715570,2021-05-14 08:00:00-04:00,2021-05-17 14:30:00-04:00,2021-05-16 21:06:27.334000-04:00,2021-05-16 21:17:19.354000-04:00,1,1.0,1.0,98.166,98.159,1.0,Not Assigned,,,,,,,,,,,,,,,,,2.0,1.0,306.468,89.902,1.0,16424005
PSAZ2G4,715689,2021-05-14 08:00:00-04:00,2021-05-17 14:30:00-04:00,2021-05-14 12:08:14.355000-04:00,2021-05-16 17:29:18.476000-04:00,2,1.0,0.0,82.213,82.212,1.0,Not Assigned,,,,,,,,,,,,,,,,,2.0,0.0,1184.045,291.7025,1.0,16407691
PSAZ2G4,715786,2021-05-14 08:00:00-04:00,2021-05-17 14:30:00-04:00,2021-05-14 09:38:52.462000-04:00,,1,1.0,0.0,111.709,111.703,1.0,Not Assigned,,,,,,,,,,,,,,,,,,,,,,16399589
PSAZ2G4,715841,2021-05-14 08:00:00-04:00,2021-05-17 14:30:00-04:00,2021-05-17 10:43:03.233000-04:00,,1,1.0,0.0,216.611,216.575,1.0,Not Assigned,,,,,,,,,,,,,,,,,,,,,,16432873
PSAZ2G4,716215,2021-05-14 08:00:00-04:00,2021-05-17 14:30:00-04:00,2021-05-17 18:01:17.169000-04:00,2021-05-17 18:12:22.842000-04:00,1,1.0,0.0,191.0,190.965,1.0,Not Assigned,,,,,,,,,,,,,,,,,2.0,2.0,175.638,87.8105,1.0,16454338
PSAZ2G4,716441,2021-05-14 08:00:00-04:00,2021-05-17 14:30:00-04:00,2021-05-14 08:16:43.814000-04:00,2021-05-14 08:34:37.848000-04:00,1,1.0,0.0,17.668,17.662,1.0,Not Assigned,,,,,,,,,,,,,,,,,2.0,0.0,318.631,88.763,1.0,16396856
PSAZ2G4,716819,2021-05-14 08:00:00-04:00,2021-05-17 14:30:00-04:00,2021-05-14 10:33:30.209000-04:00,2021-05-17 11:39:45.564000-04:00,2,1.0,0.0,52.762,52.75,1.0,Not Assigned,,,,,,,,,,,,,,,,,2.0,0.0,972.529,297.8245,1.0,16402309
PSAZ2G4,716840,2021-05-14 08:00:00-04:00,2021-05-17 14:30:00-04:00,2021-05-17 09:06:05.061000-04:00,2021-05-17 09:39:34.707000-04:00,1,1.0,1.0,121.479,121.468,1.0,Not Assigned,,,,,,,,,,,,,,,,,2.0,0.0,124.375,30.34,1.0,16427291
PSAZ2G4,716910,2021-05-14 08:00:00-04:00,2021-05-17 14:30:00-04:00,2021-05-17 17:44:33.178000-04:00,2021-05-17 17:55:14.344000-04:00,1,1.0,1.0,58.059,58.051,1.0,Not Assigned,,,,,,,,,,,,,,,,,2.0,1.0,222.484,67.006,1.0,16454106
PSAZ2G4,736813,2021-05-14 08:00:00-04:00,2021-05-17 14:30:00-04:00,2021-05-19 11:07:43.891000-04:00,,1,1.0,,,,1.0,Not Assigned,,,,,,,,,,,,,,,,,,,,,,16499350
PSAZ2G4,768441,2021-04-30 12:44:10.613000-04:00,,2021-05-07 00:13:53.222000-04:00,,1,1.0,0.0,42.019,42.013,1.0,Not Assigned,,,,,,,,,,,,,,,,,,,,,,16221104
PSAZ2G4,774031,2021-01-15 10:45:00-05:00,,2021-01-18 18:10:22.929000-05:00,2021-01-18 18:45:38.460000-05:00,1,1.0,1.0,598.476,598.468,1.0,Not Assigned,,,,,,,,,,,,,,,,,2.0,1.0,680.196,255.0925,1.0,12225821
PSAZ2G4,783731,2021-01-15 10:45:00-05:00,,2021-01-19 17:23:58.067000-05:00,,1,1.0,0.0,9.126,9.123,1.0,Not Assigned,,,,,,,,,,,,,,,,,,,,,,12291111
PSAZ2G4,953044,2021-05-25 12:15:00-04:00,2021-05-27 12:17:00-04:00,2021-05-25 12:16:58.170000-04:00,2021-05-25 12:45:41.765000-04:00,1,1.0,0.0,241.647,241.635,1.0,Not Assigned,,,,,,,,,,,,,,,,,2.0,1.0,433.033,196.777,1.0,16600249
PSAZ2G4,953047,2021-05-25 12:15:00-04:00,2021-05-27 12:17:00-04:00,2021-05-25 12:16:44.885000-04:00,,1,1.0,0.0,91.8,91.796,1.0,Not Assigned,,,,,,,,,,,,,,,,,,,,,,16600233
PSAZ2G4,953048,2021-05-25 12:15:00-04:00,2021-05-27 12:17:00-04:00,2021-05-25 12:18:31.003000-04:00,,2,1.0,0.0,46.081,46.076,1.0,Not Assigned,,,,,,,,,,,,,,,,,,,,,,16600333
PSAZ2G4,953049,2021-05-25 12:15:00-04:00,2021-05-27 12:17:00-04:00,2021-05-25 12:16:47.898000-04:00,,1,1.0,0.0,154.991,154.983,1.0,Not Assigned,,,,,,,,,,,,,,,,,,,,,,16600237
PSAZ2G4,953050,2021-05-25 12:15:00-04:00,2021-05-27 12:17:00-04:00,2021-05-25 12:25:26.559000-04:00,,2,1.0,0.0,9.165,9.163,1.0,Not Assigned,,,,,,,,,,,,,,,,,,,,,,16600653
PSAZ2G4,953051,2021-05-25 12:15:00-04:00,2021-05-27 12:17:00-04:00,2021-05-25 12:18:47.985000-04:00,,1,1.0,0.0,21.569,21.564,1.0,Not Assigned,,,,,,,,,,,,,,,,,,,,,,16600343
PSAZ2G4,953053,2021-05-25 12:15:00-04:00,2021-05-27 12:17:00-04:00,2021-05-25 12:18:35.985000-04:00,,1,1.0,0.0,360.55,360.544,1.0,Not Assigned,,,,,,,,,,,,,,,,,,,,,,16600337
PSAZ2G4,953056,2021-05-25 12:15:00-04:00,2021-05-27 12:17:00-04:00,2021-05-25 12:20:05.635000-04:00,2021-05-25 13:36:03.356000-04:00,1,1.0,0.0,42.897,42.892,1.0,Not Assigned,,,,,,,,,,,,,,,,,2.0,0.0,16.099,2.7815,1.0,16600411
PSAZ2G4,953059,2021-05-25 12:15:00-04:00,2021-05-27 12:17:00-04:00,2021-05-25 12:21:55.265000-04:00,,1,1.0,,,,1.0,Not Assigned,,,,,,,,,,,,,,,,,,,,,,16600501
PSAZ2G4,953061,2021-05-25 12:15:00-04:00,2021-05-27 12:17:00-04:00,2021-05-25 12:20:58.662000-04:00,,1,1.0,0.0,45.034,45.031,1.0,Not Assigned,,,,,,,,,,,,,,,,,,,,,,16600449
PSAZ2G4,953062,2021-05-26 12:14:00-04:00,2021-05-27 12:16:00-04:00,2021-05-26 12:20:27.176000-04:00,,1,1.0,,,,1.0,Not Assigned,,,,,,,,,,,,,,,,,,,,,,16619888
PSAZ2G4,953064,2021-05-25 12:15:00-04:00,2021-05-27 12:17:00-04:00,2021-05-25 12:20:44.264000-04:00,,1,1.0,0.0,25.382,25.372,1.0,Not Assigned,,,,,,,,,,,,,,,,,,,,,,16600438
PSAZ2G4,953070,2021-05-25 12:15:00-04:00,2021-05-27 12:17:00-04:00,2021-05-25 12:22:49.163000-04:00,,2,1.0,0.0,489.544,489.541,1.0,Not Assigned,,,,,,,,,,,,,,,,,,,,,,16600537
PSAZ2G4,953071,2021-05-25 12:15:00-04:00,2021-05-27 12:17:00-04:00,2021-05-25 12:16:30.775000-04:00,,2,1.0,0.0,30.339,30.337,1.0,Not Assigned,,,,,,,,,,,,,,,,,,,,,,16600217
PSAZ2G4,953072,2021-05-25 12:15:00-04:00,2021-05-27 12:17:00-04:00,2021-05-25 12:19:53.953000-04:00,,1,1.0,0.0,9.741,9.739,1.0,Not Assigned,,,,,,,,,,,,,,,,,,,,,,16600404
PSAZ2G4,953073,2021-05-25 12:15:00-04:00,2021-05-27 12:17:00-04:00,2021-05-25 12:18:54.166000-04:00,,1,1.0,0.0,10.197,10.194,1.0,Not Assigned,,,,,,,,,,,,,,,,,,,,,,16600350
PSAZ2G4,953086,2021-05-25 12:15:00-04:00,2021-05-27 12:17:00-04:00,2021-05-25 12:17:10.497000-04:00,,1,1.0,0.0,12.285,12.279,1.0,Not Assigned,,,,,,,,,,,,,,,,,,,,,,16600264
PSAZ2G4,953098,2021-05-25 12:15:00-04:00,2021-05-27 12:17:00-04:00,2021-05-25 12:17:34.804000-04:00,,3,1.0,0.0,18.94,18.922,1.0,Not Assigned,,,,,,,,,,,,,,,,,,,,,,16600287
PSAZ2G4,953110,2021-05-25 12:15:00-04:00,2021-05-27 12:17:00-04:00,2021-05-25 12:16:58.240000-04:00,,1,1.0,0.0,53.093,53.09,1.0,Not Assigned,,,,,,,,,,,,,,,,,,,,,,16600250
PSAZ2G4,953167,2021-05-25 12:15:00-04:00,2021-05-27 12:17:00-04:00,2021-05-25 12:17:01.548000-04:00,,2,1.0,0.0,30.523,30.52,1.0,Not Assigned,,,,,,,,,,,,,,,,,,,,,,16600254
PSAZ2G4,953456,2021-05-25 12:15:00-04:00,2021-05-27 12:17:00-04:00,2021-05-25 12:25:40.145000-04:00,,2,1.0,0.0,1662.361,1662.357,1.0,Not Assigned,,,,,,,,,,,,,,,,,,,,,,16600658
PSAZ2G4,954192,2021-05-25 12:15:00-04:00,2021-05-27 12:17:00-04:00,2021-05-25 12:24:10.658000-04:00,,1,1.0,0.0,68.008,67.996,1.0,Not Assigned,,,,,,,,,,,,,,,,,,,,,,16600607
PSAZ2G4,956361,2021-05-25 12:15:00-04:00,2021-05-27 12:17:00-04:00,2021-05-25 12:18:13.918000-04:00,,1,1.0,0.0,51.786,51.782,1.0,Not Assigned,,,,,,,,,,,,,,,,,,,,,,16600314
PSAZ2G4,968249,2021-04-30 23:10:00-04:00,,2021-05-04 15:41:17.909000-04:00,2021-05-04 16:08:29.034000-04:00,1,1.0,0.0,40.416,40.408,1.0,Not Assigned,,,,,,,,,,,,,,,,,2.0,2.0,157.282,78.636,1.0,16139926
PSAZ2G4,983798,2021-05-14 08:00:00-04:00,2021-05-17 14:30:00-04:00,2021-05-17 23:51:03.316000-04:00,,1,1.0,0.0,90.739,90.682,1.0,Not Assigned,,,,,,,,,,,,,,,,,,,,,,16457415
PSAZ2G4,998220,2021-05-14 08:00:00-04:00,2021-05-17 14:30:00-04:00,2021-05-17 14:00:09.581000-04:00,,1,1.0,0.0,4.273,4.267,1.0,Not Assigned,,,,,,,,,,,,,,,,,,,,,,16445905
PSAZ2G4,1000437,2021-05-11 09:08:45.863000-04:00,2021-05-12 09:10:00-04:00,2021-05-11 11:12:30.655000-04:00,2021-05-11 11:27:21.742000-04:00,1,1.0,1.0,79.446,79.445,1.0,Not Assigned,,,,,,,,,,,,,,,,,2.0,2.0,252.697,126.3475,1.0,16303537
PSAZ2G4,1000486,2021-05-11 09:08:45.863000-04:00,2021-05-12 09:10:00-04:00,2021-05-11 11:32:54.845000-04:00,2021-05-11 11:54:26.487000-04:00,1,1.0,1.0,209.626,209.624,1.0,Not Assigned,,,,,,,,,,,,,,,,,2.0,1.0,241.679,103.0385,1.0,16305304
PSAZ2G4,1000487,2021-05-11 09:08:45.863000-04:00,2021-05-12 09:10:00-04:00,2021-05-11 09:24:05.933000-04:00,2021-05-11 09:34:56.273000-04:00,1,1.0,0.0,51.823,51.821,1.0,Not Assigned,,,,,,,,,,,,,,,,,2.0,1.0,178.64,32.1015,1.0,16296450
PSAZ2G4,1000496,2021-05-11 09:08:45.863000-04:00,2021-05-12 09:10:00-04:00,2021-05-11 09:10:18.503000-04:00,2021-05-11 09:31:45.265000-04:00,1,1.0,1.0,170.194,170.183,1.0,Not Assigned,,,,,,,,,,,,,,,,,2.0,2.0,203.172,101.5775,1.0,16295615
PSAZ2G4,1000542,2021-05-11 09:08:45.863000-04:00,2021-05-12 09:10:00-04:00,2021-05-11 10:24:51.390000-04:00,2021-05-11 12:30:45.322000-04:00,1,1.0,0.0,42.465,42.464,1.0,Not Assigned,,,,,,,,,,,,,,,,,2.0,1.0,240.939,81.398,1.0,16300162
PSAZ2G4,1000719,2021-05-11 09:08:45.863000-04:00,2021-05-12 09:10:00-04:00,2021-05-11 11:23:15.788000-04:00,,6,1.0,0.0,76.204,76.203,1.0,Not Assigned,,,,,,,,,,,,,,,,,,,,,,16304407
PSAZ2G4,1000797,2021-05-11 09:08:45.863000-04:00,2021-05-12 09:10:00-04:00,2021-05-11 09:55:42.257000-04:00,2021-05-11 10:30:32.415000-04:00,3,1.0,0.0,115.529,115.526,1.0,Not Assigned,,,,,,,,,,,,,,,,,2.0,0.0,706.982,215.1765,1.0,16298458
PSAZ2G4,1000817,2021-05-11 09:08:45.863000-04:00,2021-05-12 09:10:00-04:00,2021-05-11 11:34:23.768000-04:00,2021-05-11 11:50:31.303000-04:00,1,1.0,0.0,78.069,78.062,1.0,Not Assigned,,,,,,,,,,,,,,,,,2.0,2.0,135.704,67.8445,1.0,16305426
PSAZ2G4,1000960,2021-05-11 09:08:45.865000-04:00,2021-05-12 09:10:00-04:00,2021-05-11 12:38:24.150000-04:00,2021-05-11 12:44:18.598000-04:00,1,1.0,1.0,56.628,56.622,1.0,Not Assigned,,,,,,,,,,,,,,,,,2.0,1.0,151.032,70.182,1.0,16310261
PSAZ2G4,1001009,2021-05-11 09:08:45.863000-04:00,2021-05-12 09:10:00-04:00,2021-05-11 10:49:18.430000-04:00,2021-05-11 11:11:07.005000-04:00,1,1.0,0.0,164.618,164.617,1.0,Not Assigned,,,,,,,,,,,,,,,,,2.0,2.0,413.988,206.991,1.0,16301780
PSAZ2G4,1001123,2021-05-11 09:08:45.865000-04:00,2021-05-12 09:10:00-04:00,2021-05-11 09:13:51.027000-04:00,2021-05-11 09:20:03.499000-04:00,1,1.0,0.0,45.214,45.212,1.0,Not Assigned,,,,,,,,,,,,,,,,,2.0,2.0,98.291,49.1445,1.0,16295818
PSAZ2G4,1001136,2021-05-11 09:08:45.865000-04:00,2021-05-12 09:10:00-04:00,2021-05-11 13:27:16.799000-04:00,2021-05-11 13:33:58.303000-04:00,1,1.0,1.0,109.113,109.11,1.0,Not Assigned,,,,,,,,,,,,,,,,,2.0,2.0,118.888,59.4425,1.0,16313887
PSAZ2G4,1001192,2021-05-11 09:08:45.865000-04:00,2021-05-12 09:10:00-04:00,2021-05-14 12:30:51.872000-04:00,2021-05-14 12:45:55.544000-04:00,1,1.0,1.0,120.347,120.344,1.0,Not Assigned,,,,,,,,,,,,,,,,,2.0,2.0,225.397,112.6955,1.0,16408956
PSAZ2G4,1001738,2021-05-11 09:08:45.865000-04:00,2021-05-12 09:10:00-04:00,2021-05-13 20:53:02.320000-04:00,2021-05-13 20:56:13.762000-04:00,1,1.0,1.0,21.122,21.12,1.0,Not Assigned,,,,,,,,,,,,,,,,,2.0,2.0,84.102,42.048,1.0,16394541
PSAZ2G4,1001740,2021-05-11 09:08:45.865000-04:00,2021-05-12 09:10:00-04:00,2021-05-13 22:47:25.979000-04:00,2021-05-13 22:56:00.411000-04:00,1,1.0,1.0,53.123,53.121,1.0,Not Assigned,,,,,,,,,,,,,,,,,2.0,0.0,159.91,60.7935,1.0,16395404
PSAZ2G4,1002713,2021-05-11 09:08:45.863000-04:00,2021-05-12 09:10:00-04:00,2021-05-12 10:13:19.619000-04:00,2021-05-12 10:19:00.855000-04:00,1,1.0,1.0,56.407,56.404,1.0,Not Assigned,,,,,,,,,,,,,,,,,2.0,2.0,106.356,53.176,1.0,16337071
PSAZ2G4,1011833,2021-05-14 08:00:00-04:00,2021-05-17 14:30:00-04:00,2021-05-17 15:46:14.959000-04:00,,1,1.0,0.0,54.913,54.901,1.0,Not Assigned,,,,,,,,,,,,,,,,,,,,,,16451270
PSAZ2G4,1015204,2021-05-14 08:00:00-04:00,2021-05-17 14:30:00-04:00,2021-05-15 17:22:29.385000-04:00,,1,1.0,0.0,36.985,36.979,1.0,Not Assigned,,,,,,,,,,,,,,,,,,,,,,16421475
PSAZ2G4,1016851,2021-05-14 08:00:00-04:00,2021-05-17 14:30:00-04:00,2021-05-14 08:43:30.312000-04:00,,1,1.0,0.0,46.635,46.628,1.0,Not Assigned,,,,,,,,,,,,,,,,,,,,,,16397494
