experiment_id,student_id,student_prior_started_skill_builder_count,student_prior_completed_skill_builder_count,student_prior_started_problem_set_count,student_prior_completed_problem_set_count,student_prior_completed_problem_count,student_prior_median_first_response_time,student_prior_median_time_on_task,student_prior_average_correctness,student_prior_average_attempt_count,class_id,class_creation_date,class_student_count,class_prior_skill_builder_count,class_prior_problem_set_count,class_prior_skill_builder_percent_started,class_prior_skill_builder_percent_completed,class_prior_problem_set_percent_started,class_prior_problem_set_percent_completed,class_prior_completed_problem_count,class_prior_median_time_on_task,class_prior_median_first_response_time,class_prior_average_correctness,class_prior_average_attempt_count,teacher_id,teacher_account_creation_date,district_id,location,opportunity_zone,locale_description
PSAZ2G4,156282,2,1,11,11,118,15.9225,23.9915,0.32710280373831774,1.3644067796610169,13523,2020-03-27 08:27:09.372000-04:00,20,2,12,75.0,83.3333333333333,62.5,84.0,1379,54.344,39.72,0.5057915057915058,1.668600435097897,155110,2020-03-27 08:26:52.596000-04:00,1036.0,Massachusetts,No,None
PSAZ2G4,156415,2,2,11,11,126,27.1825,38.412,0.5043478260869565,1.7063492063492063,13523,2020-03-27 08:27:09.372000-04:00,20,2,12,75.0,83.3333333333333,62.5,84.0,1379,54.344,39.72,0.5057915057915058,1.668600435097897,155110,2020-03-27 08:26:52.596000-04:00,1036.0,Massachusetts,No,None
PSAZ2G4,204041,0,0,7,6,51,66.082,103.33,0.26,2.0980392156862746,13523,2020-03-27 08:27:09.372000-04:00,20,2,12,75.0,83.3333333333333,62.5,84.0,1379,54.344,39.72,0.5057915057915058,1.668600435097897,155110,2020-03-27 08:26:52.596000-04:00,1036.0,Massachusetts,No,None
PSAZ2G4,202612,2,2,8,3,49,19.596,22.597,0.4489795918367347,1.7142857142857142,13523,2020-03-27 08:27:09.372000-04:00,20,2,12,75.0,83.3333333333333,62.5,84.0,1379,54.344,39.72,0.5057915057915058,1.668600435097897,155110,2020-03-27 08:26:52.596000-04:00,1036.0,Massachusetts,No,None
PSAZ2G4,157652,2,2,19,19,158,63.271,72.6655,0.4788732394366197,1.5569620253164558,13523,2020-03-27 08:27:09.372000-04:00,20,2,12,75.0,83.3333333333333,62.5,84.0,1379,54.344,39.72,0.5057915057915058,1.668600435097897,155110,2020-03-27 08:26:52.596000-04:00,1036.0,Massachusetts,No,None
PSAZ2G4,166055,2,2,12,12,117,53.061,55.255,0.6666666666666666,1.4102564102564104,13523,2020-03-27 08:27:09.372000-04:00,20,2,12,75.0,83.3333333333333,62.5,84.0,1379,54.344,39.72,0.5057915057915058,1.668600435097897,155110,2020-03-27 08:26:52.596000-04:00,1036.0,Massachusetts,No,None
PSAZ2G4,160641,2,2,7,5,65,40.197,93.002,0.5538461538461539,1.7538461538461538,13523,2020-03-27 08:27:09.372000-04:00,20,2,12,75.0,83.3333333333333,62.5,84.0,1379,54.344,39.72,0.5057915057915058,1.668600435097897,155110,2020-03-27 08:26:52.596000-04:00,1036.0,Massachusetts,No,None
PSAZ2G4,160961,2,2,11,10,102,77.8015,108.191,0.6276595744680851,1.5490196078431373,13523,2020-03-27 08:27:09.372000-04:00,20,2,12,75.0,83.3333333333333,62.5,84.0,1379,54.344,39.72,0.5057915057915058,1.668600435097897,155110,2020-03-27 08:26:52.596000-04:00,1036.0,Massachusetts,No,None
PSAZ2G4,196965,0,0,8,6,55,45.893,52.031,0.6792452830188679,1.4181818181818182,13523,2020-03-27 08:27:09.372000-04:00,20,2,12,75.0,83.3333333333333,62.5,84.0,1379,54.344,39.72,0.5057915057915058,1.668600435097897,155110,2020-03-27 08:26:52.596000-04:00,1036.0,Massachusetts,No,None
PSAZ2G4,194875,0,0,3,1,6,78.0705,87.565,0.0,1.1666666666666667,13523,2020-03-27 08:27:09.372000-04:00,20,2,12,75.0,83.3333333333333,62.5,84.0,1379,54.344,39.72,0.5057915057915058,1.668600435097897,155110,2020-03-27 08:26:52.596000-04:00,1036.0,Massachusetts,No,None
PSAZ2G4,193417,2,1,12,12,118,80.378,101.168,0.2358490566037736,2.1864406779661016,13523,2020-03-27 08:27:09.372000-04:00,20,2,12,75.0,83.3333333333333,62.5,84.0,1379,54.344,39.72,0.5057915057915058,1.668600435097897,155110,2020-03-27 08:26:52.596000-04:00,1036.0,Massachusetts,No,None
PSAZ2G4,177763,2,2,11,10,98,53.2585,65.9125,0.42045454545454547,1.4285714285714286,13523,2020-03-27 08:27:09.372000-04:00,20,2,12,75.0,83.3333333333333,62.5,84.0,1379,54.344,39.72,0.5057915057915058,1.668600435097897,155110,2020-03-27 08:26:52.596000-04:00,1036.0,Massachusetts,No,None
PSAZ2G4,296516,2,2,5,5,52,43.3835,64.8205,0.6923076923076923,1.3653846153846154,13523,2020-03-27 08:27:09.372000-04:00,20,2,12,75.0,83.3333333333333,62.5,84.0,1379,54.344,39.72,0.5057915057915058,1.668600435097897,155110,2020-03-27 08:26:52.596000-04:00,1036.0,Massachusetts,No,None
PSAZ2G4,155194,2,2,9,6,71,27.317,46.161,0.5142857142857142,2.084507042253521,13523,2020-03-27 08:27:09.372000-04:00,20,2,12,75.0,83.3333333333333,62.5,84.0,1379,54.344,39.72,0.5057915057915058,1.668600435097897,155110,2020-03-27 08:26:52.596000-04:00,1036.0,Massachusetts,No,None
PSAZ2G4,258781,2,1,9,6,43,141.101,154.348,0.3170731707317073,1.7209302325581395,13523,2020-03-27 08:27:09.372000-04:00,20,2,12,75.0,83.3333333333333,62.5,84.0,1379,54.344,39.72,0.5057915057915058,1.668600435097897,155110,2020-03-27 08:26:52.596000-04:00,1036.0,Massachusetts,No,None
PSAZ2G4,249919,1,0,4,1,14,80.5905,120.808,0.5,1.4285714285714286,13523,2020-03-27 08:27:09.372000-04:00,20,2,12,75.0,83.3333333333333,62.5,84.0,1379,54.344,39.72,0.5057915057915058,1.668600435097897,155110,2020-03-27 08:26:52.596000-04:00,1036.0,Massachusetts,No,None
PSAZ2G4,155789,2,2,11,11,112,64.357,75.842,0.6831683168316832,1.6339285714285714,13523,2020-03-27 08:27:09.372000-04:00,20,2,12,75.0,83.3333333333333,62.5,84.0,1379,54.344,39.72,0.5057915057915058,1.668600435097897,155110,2020-03-27 08:26:52.596000-04:00,1036.0,Massachusetts,No,None
PSAZ2G4,242745,2,1,3,3,47,8.614,17.793,0.23404255319148937,1.8085106382978724,13523,2020-03-27 08:27:09.372000-04:00,20,2,12,75.0,83.3333333333333,62.5,84.0,1379,54.344,39.72,0.5057915057915058,1.668600435097897,155110,2020-03-27 08:26:52.596000-04:00,1036.0,Massachusetts,No,None
PSAZ2G4,226443,2,1,6,4,54,49.3795,76.929,0.4074074074074074,1.9814814814814814,13523,2020-03-27 08:27:09.372000-04:00,20,2,12,75.0,83.3333333333333,62.5,84.0,1379,54.344,39.72,0.5057915057915058,1.668600435097897,155110,2020-03-27 08:26:52.596000-04:00,1036.0,Massachusetts,No,None
PSAZ2G4,157805,2,2,9,7,83,23.235,36.04,0.425,1.9518072289156627,13524,2020-03-27 08:27:09.373000-04:00,25,2,12,88.0,88.6363636363636,63.0,84.6560846560847,1779,54.703,41.828,0.5183183183183183,1.664980326025857,155110,2020-03-27 08:26:52.596000-04:00,1036.0,Massachusetts,No,None
PSAZ2G4,155156,2,2,12,10,94,43.681,74.6675,0.29069767441860467,1.6595744680851063,13524,2020-03-27 08:27:09.373000-04:00,25,2,12,88.0,88.6363636363636,63.0,84.6560846560847,1779,54.703,41.828,0.5183183183183183,1.664980326025857,155110,2020-03-27 08:26:52.596000-04:00,1036.0,Massachusetts,No,None
PSAZ2G4,155597,2,2,7,6,62,39.5865,46.98,0.6612903225806451,1.6129032258064515,13524,2020-03-27 08:27:09.373000-04:00,25,2,12,88.0,88.6363636363636,63.0,84.6560846560847,1779,54.703,41.828,0.5183183183183183,1.664980326025857,155110,2020-03-27 08:26:52.596000-04:00,1036.0,Massachusetts,No,None
PSAZ2G4,155661,2,2,12,10,107,51.767,72.428,0.4742268041237113,1.7102803738317758,13524,2020-03-27 08:27:09.373000-04:00,25,2,12,88.0,88.6363636363636,63.0,84.6560846560847,1779,54.703,41.828,0.5183183183183183,1.664980326025857,155110,2020-03-27 08:26:52.596000-04:00,1036.0,Massachusetts,No,None
PSAZ2G4,155836,2,2,12,11,121,37.801,48.753,0.49107142857142855,1.5867768595041323,13524,2020-03-27 08:27:09.373000-04:00,25,2,12,88.0,88.6363636363636,63.0,84.6560846560847,1779,54.703,41.828,0.5183183183183183,1.664980326025857,155110,2020-03-27 08:26:52.596000-04:00,1036.0,Massachusetts,No,None
PSAZ2G4,156161,2,2,12,12,127,41.423,52.58,0.5652173913043478,1.6062992125984252,13524,2020-03-27 08:27:09.373000-04:00,25,2,12,88.0,88.6363636363636,63.0,84.6560846560847,1779,54.703,41.828,0.5183183183183183,1.664980326025857,155110,2020-03-27 08:26:52.596000-04:00,1036.0,Massachusetts,No,None
PSAZ2G4,156854,2,0,12,9,83,41.872,64.541,0.5194805194805194,1.9397590361445782,13524,2020-03-27 08:27:09.373000-04:00,25,2,12,88.0,88.6363636363636,63.0,84.6560846560847,1779,54.703,41.828,0.5183183183183183,1.664980326025857,155110,2020-03-27 08:26:52.596000-04:00,1036.0,Massachusetts,No,None
PSAZ2G4,157184,2,2,12,11,111,24.938,32.571,0.46534653465346537,1.4054054054054055,13524,2020-03-27 08:27:09.373000-04:00,25,2,12,88.0,88.6363636363636,63.0,84.6560846560847,1779,54.703,41.828,0.5183183183183183,1.664980326025857,155110,2020-03-27 08:26:52.596000-04:00,1036.0,Massachusetts,No,None
PSAZ2G4,177027,2,1,9,9,83,35.545,49.11,0.32051282051282054,1.6626506024096386,13524,2020-03-27 08:27:09.373000-04:00,25,2,12,88.0,88.6363636363636,63.0,84.6560846560847,1779,54.703,41.828,0.5183183183183183,1.664980326025857,155110,2020-03-27 08:26:52.596000-04:00,1036.0,Massachusetts,No,None
PSAZ2G4,196152,2,2,11,6,88,43.2355,65.821,0.4634146341463415,1.8636363636363635,13524,2020-03-27 08:27:09.373000-04:00,25,2,12,88.0,88.6363636363636,63.0,84.6560846560847,1779,54.703,41.828,0.5183183183183183,1.664980326025857,155110,2020-03-27 08:26:52.596000-04:00,1036.0,Massachusetts,No,None
PSAZ2G4,205590,2,2,10,7,68,132.462,180.3665,0.7230769230769231,1.5441176470588236,13524,2020-03-27 08:27:09.373000-04:00,25,2,12,88.0,88.6363636363636,63.0,84.6560846560847,1779,54.703,41.828,0.5183183183183183,1.664980326025857,155110,2020-03-27 08:26:52.596000-04:00,1036.0,Massachusetts,No,None
PSAZ2G4,217007,0,0,5,5,31,113.3,133.86,0.5384615384615384,1.870967741935484,13524,2020-03-27 08:27:09.373000-04:00,25,2,12,88.0,88.6363636363636,63.0,84.6560846560847,1779,54.703,41.828,0.5183183183183183,1.664980326025857,155110,2020-03-27 08:26:52.596000-04:00,1036.0,Massachusetts,No,None
PSAZ2G4,218613,2,2,10,8,92,29.276,41.5315,0.5287356321839081,1.434782608695652,13524,2020-03-27 08:27:09.373000-04:00,25,2,12,88.0,88.6363636363636,63.0,84.6560846560847,1779,54.703,41.828,0.5183183183183183,1.664980326025857,155110,2020-03-27 08:26:52.596000-04:00,1036.0,Massachusetts,No,None
PSAZ2G4,223272,2,2,8,6,67,122.516,131.719,0.875,1.1492537313432836,13524,2020-03-27 08:27:09.373000-04:00,25,2,12,88.0,88.6363636363636,63.0,84.6560846560847,1779,54.703,41.828,0.5183183183183183,1.664980326025857,155110,2020-03-27 08:26:52.596000-04:00,1036.0,Massachusetts,No,None
PSAZ2G4,228649,2,2,12,12,115,30.258,41.862,0.4351851851851852,1.6869565217391305,13524,2020-03-27 08:27:09.373000-04:00,25,2,12,88.0,88.6363636363636,63.0,84.6560846560847,1779,54.703,41.828,0.5183183183183183,1.664980326025857,155110,2020-03-27 08:26:52.596000-04:00,1036.0,Massachusetts,No,None
PSAZ2G4,231989,2,2,9,9,80,70.205,82.6255,0.4722222222222222,1.75,13524,2020-03-27 08:27:09.373000-04:00,25,2,12,88.0,88.6363636363636,63.0,84.6560846560847,1779,54.703,41.828,0.5183183183183183,1.664980326025857,155110,2020-03-27 08:26:52.596000-04:00,1036.0,Massachusetts,No,None
PSAZ2G4,234096,2,2,10,10,100,34.2005,51.388,0.5666666666666667,1.69,13524,2020-03-27 08:27:09.373000-04:00,25,2,12,88.0,88.6363636363636,63.0,84.6560846560847,1779,54.703,41.828,0.5183183183183183,1.664980326025857,155110,2020-03-27 08:26:52.596000-04:00,1036.0,Massachusetts,No,None
PSAZ2G4,243554,2,2,6,6,62,54.3185,70.375,0.5161290322580645,2.0,13524,2020-03-27 08:27:09.373000-04:00,25,2,12,88.0,88.6363636363636,63.0,84.6560846560847,1779,54.703,41.828,0.5183183183183183,1.664980326025857,155110,2020-03-27 08:26:52.596000-04:00,1036.0,Massachusetts,No,None
PSAZ2G4,250495,2,2,7,5,76,29.5585,42.238,0.5,1.8552631578947367,13524,2020-03-27 08:27:09.373000-04:00,25,2,12,88.0,88.6363636363636,63.0,84.6560846560847,1779,54.703,41.828,0.5183183183183183,1.664980326025857,155110,2020-03-27 08:26:52.596000-04:00,1036.0,Massachusetts,No,None
PSAZ2G4,286463,2,2,11,11,100,71.1565,82.7445,0.6666666666666666,1.3,13524,2020-03-27 08:27:09.373000-04:00,25,2,12,88.0,88.6363636363636,63.0,84.6560846560847,1779,54.703,41.828,0.5183183183183183,1.664980326025857,155110,2020-03-27 08:26:52.596000-04:00,1036.0,Massachusetts,No,None
PSAZ2G4,291202,0,0,0,0,0,,,,,13524,2020-03-27 08:27:09.373000-04:00,25,2,12,88.0,88.6363636363636,63.0,84.6560846560847,1779,54.703,41.828,0.5183183183183183,1.664980326025857,155110,2020-03-27 08:26:52.596000-04:00,1036.0,Massachusetts,No,None
PSAZ2G4,304561,2,2,10,10,94,38.635,50.216,0.46987951807228917,1.5638297872340425,13524,2020-03-27 08:27:09.373000-04:00,25,2,12,88.0,88.6363636363636,63.0,84.6560846560847,1779,54.703,41.828,0.5183183183183183,1.664980326025857,155110,2020-03-27 08:26:52.596000-04:00,1036.0,Massachusetts,No,None
PSAZ2G4,368056,0,0,0,0,0,,,,,13524,2020-03-27 08:27:09.373000-04:00,25,2,12,88.0,88.6363636363636,63.0,84.6560846560847,1779,54.703,41.828,0.5183183183183183,1.664980326025857,155110,2020-03-27 08:26:52.596000-04:00,1036.0,Massachusetts,No,None
PSAZ2G4,411077,15,15,2,2,78,60.9015,64.6515,0.782051282051282,1.2435897435897436,33361,2020-08-07 17:41:20.279000-04:00,23,18,2,72.9468599033817,93.046357615894,100.0,93.4782608695652,1830,42.6275,37.1955,0.7218579234972677,1.4076502732240437,395331,2020-07-03 12:34:25.748000-04:00,112.0,Arizona,Yes,Suburb: Large
PSAZ2G4,14574,42,41,12,9,315,16.912,21.069,0.738255033557047,1.4444444444444444,33361,2020-08-07 17:41:20.279000-04:00,23,18,2,72.9468599033817,93.046357615894,100.0,93.4782608695652,1830,42.6275,37.1955,0.7218579234972677,1.4076502732240437,395331,2020-07-03 12:34:25.748000-04:00,112.0,Arizona,Yes,Suburb: Large
PSAZ2G4,14592,43,42,12,9,290,33.529,38.4875,0.8074074074074075,1.3275862068965516,33361,2020-08-07 17:41:20.279000-04:00,23,18,2,72.9468599033817,93.046357615894,100.0,93.4782608695652,1830,42.6275,37.1955,0.7218579234972677,1.4076502732240437,395331,2020-07-03 12:34:25.748000-04:00,112.0,Arizona,Yes,Suburb: Large
PSAZ2G4,14621,43,43,11,8,305,36.587,41.536,0.7373737373737373,1.3967213114754098,33361,2020-08-07 17:41:20.279000-04:00,23,18,2,72.9468599033817,93.046357615894,100.0,93.4782608695652,1830,42.6275,37.1955,0.7218579234972677,1.4076502732240437,395331,2020-07-03 12:34:25.748000-04:00,112.0,Arizona,Yes,Suburb: Large
PSAZ2G4,14623,33,33,12,10,247,32.037,41.057,0.7709251101321586,1.4048582995951417,33361,2020-08-07 17:41:20.279000-04:00,23,18,2,72.9468599033817,93.046357615894,100.0,93.4782608695652,1830,42.6275,37.1955,0.7218579234972677,1.4076502732240437,395331,2020-07-03 12:34:25.748000-04:00,112.0,Arizona,Yes,Suburb: Large
PSAZ2G4,14627,29,25,5,3,161,43.25,53.826,0.8535031847133758,1.2236024844720497,33361,2020-08-07 17:41:20.279000-04:00,23,18,2,72.9468599033817,93.046357615894,100.0,93.4782608695652,1830,42.6275,37.1955,0.7218579234972677,1.4076502732240437,395331,2020-07-03 12:34:25.748000-04:00,112.0,Arizona,Yes,Suburb: Large
PSAZ2G4,47106,42,34,9,7,293,28.238,37.25,0.6836363636363636,1.5187713310580204,33361,2020-08-07 17:41:20.279000-04:00,23,18,2,72.9468599033817,93.046357615894,100.0,93.4782608695652,1830,42.6275,37.1955,0.7218579234972677,1.4076502732240437,395331,2020-07-03 12:34:25.748000-04:00,112.0,Arizona,Yes,Suburb: Large
PSAZ2G4,14722,43,36,12,9,327,31.35,40.234,0.6372549019607843,1.6024464831804281,33361,2020-08-07 17:41:20.279000-04:00,23,18,2,72.9468599033817,93.046357615894,100.0,93.4782608695652,1830,42.6275,37.1955,0.7218579234972677,1.4076502732240437,395331,2020-07-03 12:34:25.748000-04:00,112.0,Arizona,Yes,Suburb: Large
PSAZ2G4,14732,36,31,16,12,361,37.373,41.897,0.7074829931972789,1.254847645429363,33361,2020-08-07 17:41:20.279000-04:00,23,18,2,72.9468599033817,93.046357615894,100.0,93.4782608695652,1830,42.6275,37.1955,0.7218579234972677,1.4076502732240437,395331,2020-07-03 12:34:25.748000-04:00,112.0,Arizona,Yes,Suburb: Large
PSAZ2G4,411057,10,2,2,2,62,28.1665,38.584,0.3709677419354839,2.1129032258064515,33361,2020-08-07 17:41:20.279000-04:00,23,18,2,72.9468599033817,93.046357615894,100.0,93.4782608695652,1830,42.6275,37.1955,0.7218579234972677,1.4076502732240437,395331,2020-07-03 12:34:25.748000-04:00,112.0,Arizona,Yes,Suburb: Large
PSAZ2G4,411076,16,16,2,2,89,46.409,46.681,0.7865168539325843,1.2359550561797752,33361,2020-08-07 17:41:20.279000-04:00,23,18,2,72.9468599033817,93.046357615894,100.0,93.4782608695652,1830,42.6275,37.1955,0.7218579234972677,1.4076502732240437,395331,2020-07-03 12:34:25.748000-04:00,112.0,Arizona,Yes,Suburb: Large
PSAZ2G4,14588,36,32,10,9,225,27.659,33.977,0.7285714285714285,1.3377777777777777,33361,2020-08-07 17:41:20.279000-04:00,23,18,2,72.9468599033817,93.046357615894,100.0,93.4782608695652,1830,42.6275,37.1955,0.7218579234972677,1.4076502732240437,395331,2020-07-03 12:34:25.748000-04:00,112.0,Arizona,Yes,Suburb: Large
PSAZ2G4,411078,12,12,2,2,67,35.349,43.983,0.835820895522388,1.3582089552238805,33361,2020-08-07 17:41:20.279000-04:00,23,18,2,72.9468599033817,93.046357615894,100.0,93.4782608695652,1830,42.6275,37.1955,0.7218579234972677,1.4076502732240437,395331,2020-07-03 12:34:25.748000-04:00,112.0,Arizona,Yes,Suburb: Large
PSAZ2G4,411081,15,14,2,2,127,32.257,39.832,0.6062992125984252,1.700787401574803,33361,2020-08-07 17:41:20.279000-04:00,23,18,2,72.9468599033817,93.046357615894,100.0,93.4782608695652,1830,42.6275,37.1955,0.7218579234972677,1.4076502732240437,395331,2020-07-03 12:34:25.748000-04:00,112.0,Arizona,Yes,Suburb: Large
PSAZ2G4,419262,15,11,2,2,77,32.397,38.942,0.7662337662337663,1.3246753246753247,33361,2020-08-07 17:41:20.279000-04:00,23,18,2,72.9468599033817,93.046357615894,100.0,93.4782608695652,1830,42.6275,37.1955,0.7218579234972677,1.4076502732240437,395331,2020-07-03 12:34:25.748000-04:00,112.0,Arizona,Yes,Suburb: Large
PSAZ2G4,15322,38,36,10,8,216,26.854,34.1355,0.7673267326732673,1.3703703703703705,33361,2020-08-07 17:41:20.279000-04:00,23,18,2,72.9468599033817,93.046357615894,100.0,93.4782608695652,1830,42.6275,37.1955,0.7218579234972677,1.4076502732240437,395331,2020-07-03 12:34:25.748000-04:00,112.0,Arizona,Yes,Suburb: Large
PSAZ2G4,14581,42,39,10,8,251,28.212,30.125,0.8162393162393162,1.2390438247011952,33361,2020-08-07 17:41:20.279000-04:00,23,18,2,72.9468599033817,93.046357615894,100.0,93.4782608695652,1830,42.6275,37.1955,0.7218579234972677,1.4076502732240437,395331,2020-07-03 12:34:25.748000-04:00,112.0,Arizona,Yes,Suburb: Large
PSAZ2G4,14584,41,36,12,9,291,23.862,29.071,0.7426470588235294,1.422680412371134,33361,2020-08-07 17:41:20.279000-04:00,23,18,2,72.9468599033817,93.046357615894,100.0,93.4782608695652,1830,42.6275,37.1955,0.7218579234972677,1.4076502732240437,395331,2020-07-03 12:34:25.748000-04:00,112.0,Arizona,Yes,Suburb: Large
PSAZ2G4,415117,4,3,60,49,598,74.9275,87.59,0.7843137254901961,1.2123745819397993,35141,2020-08-11 14:11:23.556000-04:00,18,4,83,65.2777777777778,53.1914893617021,55.9571619812584,73.6842105263158,7371,72.771,64.092,0.6739483661310706,1.2661782661782661,192064,2020-04-01 15:49:04.805000-04:00,118.0,Arizona,Yes,City: Large
PSAZ2G4,415163,3,1,48,28,433,57.671,66.242,0.6219512195121951,1.3140877598152425,35141,2020-08-11 14:11:23.556000-04:00,18,4,83,65.2777777777778,53.1914893617021,55.9571619812584,73.6842105263158,7371,72.771,64.092,0.6739483661310706,1.2661782661782661,192064,2020-04-01 15:49:04.805000-04:00,118.0,Arizona,Yes,City: Large
PSAZ2G4,415227,4,2,61,51,632,70.907,81.1735,0.7244258872651357,1.268987341772152,35141,2020-08-11 14:11:23.556000-04:00,18,4,83,65.2777777777778,53.1914893617021,55.9571619812584,73.6842105263158,7371,72.771,64.092,0.6739483661310706,1.2661782661782661,192064,2020-04-01 15:49:04.805000-04:00,118.0,Arizona,Yes,City: Large
PSAZ2G4,415260,4,2,61,59,698,79.601,85.836,0.7873563218390804,1.1962750716332378,35141,2020-08-11 14:11:23.556000-04:00,18,4,83,65.2777777777778,53.1914893617021,55.9571619812584,73.6842105263158,7371,72.771,64.092,0.6739483661310706,1.2661782661782661,192064,2020-04-01 15:49:04.805000-04:00,118.0,Arizona,Yes,City: Large
PSAZ2G4,415281,4,2,60,50,501,45.315,53.622,0.6475409836065574,1.1497005988023952,35141,2020-08-11 14:11:23.556000-04:00,18,4,83,65.2777777777778,53.1914893617021,55.9571619812584,73.6842105263158,7371,72.771,64.092,0.6739483661310706,1.2661782661782661,192064,2020-04-01 15:49:04.805000-04:00,118.0,Arizona,Yes,City: Large
PSAZ2G4,415518,4,1,62,49,586,56.759,68.044,0.6367713004484304,1.3822525597269626,35141,2020-08-11 14:11:23.556000-04:00,18,4,83,65.2777777777778,53.1914893617021,55.9571619812584,73.6842105263158,7371,72.771,64.092,0.6739483661310706,1.2661782661782661,192064,2020-04-01 15:49:04.805000-04:00,118.0,Arizona,Yes,City: Large
PSAZ2G4,418756,1,1,55,21,148,49.8655,65.805,0.36633663366336633,1.3581081081081081,35141,2020-08-11 14:11:23.556000-04:00,18,4,83,65.2777777777778,53.1914893617021,55.9571619812584,73.6842105263158,7371,72.771,64.092,0.6739483661310706,1.2661782661782661,192064,2020-04-01 15:49:04.805000-04:00,118.0,Arizona,Yes,City: Large
PSAZ2G4,418761,4,2,63,47,546,42.168,53.9625,0.6592592592592592,1.4395604395604396,35141,2020-08-11 14:11:23.556000-04:00,18,4,83,65.2777777777778,53.1914893617021,55.9571619812584,73.6842105263158,7371,72.771,64.092,0.6739483661310706,1.2661782661782661,192064,2020-04-01 15:49:04.805000-04:00,118.0,Arizona,Yes,City: Large
PSAZ2G4,415115,1,1,62,53,625,91.229,101.59,0.8329718004338394,1.144,35141,2020-08-11 14:11:23.556000-04:00,18,4,83,65.2777777777778,53.1914893617021,55.9571619812584,73.6842105263158,7371,72.771,64.092,0.6739483661310706,1.2661782661782661,192064,2020-04-01 15:49:04.805000-04:00,118.0,Arizona,Yes,City: Large
PSAZ2G4,474126,3,3,0,0,22,36.1455,50.515,0.6363636363636364,1.3636363636363635,40094,2020-08-19 15:26:19.247000-04:00,18,4,0,56.9444444444444,90.2439024390244,0.0,0.0,239,57.721,46.157,0.6694560669456067,1.3514644351464435,442174,2020-08-18 14:11:08.723000-04:00,,,,
PSAZ2G4,474125,3,3,0,0,17,69.852,78.505,0.7058823529411765,1.2352941176470589,40094,2020-08-19 15:26:19.247000-04:00,18,4,0,56.9444444444444,90.2439024390244,0.0,0.0,239,57.721,46.157,0.6694560669456067,1.3514644351464435,442174,2020-08-18 14:11:08.723000-04:00,,,,
PSAZ2G4,474130,3,3,0,0,29,29.885,29.887,0.6551724137931034,1.3793103448275863,40094,2020-08-19 15:26:19.247000-04:00,18,4,0,56.9444444444444,90.2439024390244,0.0,0.0,239,57.721,46.157,0.6694560669456067,1.3514644351464435,442174,2020-08-18 14:11:08.723000-04:00,,,,
PSAZ2G4,474131,3,3,0,0,20,42.0575,60.2825,0.65,1.15,40094,2020-08-19 15:26:19.247000-04:00,18,4,0,56.9444444444444,90.2439024390244,0.0,0.0,239,57.721,46.157,0.6694560669456067,1.3514644351464435,442174,2020-08-18 14:11:08.723000-04:00,,,,
PSAZ2G4,474133,3,3,0,0,17,97.769,181.185,0.5882352941176471,1.4705882352941175,40094,2020-08-19 15:26:19.247000-04:00,18,4,0,56.9444444444444,90.2439024390244,0.0,0.0,239,57.721,46.157,0.6694560669456067,1.3514644351464435,442174,2020-08-18 14:11:08.723000-04:00,,,,
PSAZ2G4,474134,3,3,0,0,17,52.638,56.838,0.7058823529411765,1.1764705882352942,40094,2020-08-19 15:26:19.247000-04:00,18,4,0,56.9444444444444,90.2439024390244,0.0,0.0,239,57.721,46.157,0.6694560669456067,1.3514644351464435,442174,2020-08-18 14:11:08.723000-04:00,,,,
PSAZ2G4,474137,3,3,0,0,12,156.015,156.017,0.75,1.6666666666666667,40094,2020-08-19 15:26:19.247000-04:00,18,4,0,56.9444444444444,90.2439024390244,0.0,0.0,239,57.721,46.157,0.6694560669456067,1.3514644351464435,442174,2020-08-18 14:11:08.723000-04:00,,,,
PSAZ2G4,474138,3,3,0,0,8,48.572,62.833,0.875,1.125,40094,2020-08-19 15:26:19.247000-04:00,18,4,0,56.9444444444444,90.2439024390244,0.0,0.0,239,57.721,46.157,0.6694560669456067,1.3514644351464435,442174,2020-08-18 14:11:08.723000-04:00,,,,
PSAZ2G4,474139,3,3,0,0,11,80.267,80.272,0.9090909090909091,1.1818181818181819,40094,2020-08-19 15:26:19.247000-04:00,18,4,0,56.9444444444444,90.2439024390244,0.0,0.0,239,57.721,46.157,0.6694560669456067,1.3514644351464435,442174,2020-08-18 14:11:08.723000-04:00,,,,
PSAZ2G4,474140,3,2,0,0,23,64.758,51.062,0.6956521739130435,1.391304347826087,40094,2020-08-19 15:26:19.247000-04:00,18,4,0,56.9444444444444,90.2439024390244,0.0,0.0,239,57.721,46.157,0.6694560669456067,1.3514644351464435,442174,2020-08-18 14:11:08.723000-04:00,,,,
PSAZ2G4,474142,3,3,0,0,28,42.0215,46.9075,0.75,1.3214285714285714,40094,2020-08-19 15:26:19.247000-04:00,18,4,0,56.9444444444444,90.2439024390244,0.0,0.0,239,57.721,46.157,0.6694560669456067,1.3514644351464435,442174,2020-08-18 14:11:08.723000-04:00,,,,
PSAZ2G4,474174,3,3,0,0,20,41.77,46.625,0.55,1.45,40094,2020-08-19 15:26:19.247000-04:00,18,4,0,56.9444444444444,90.2439024390244,0.0,0.0,239,57.721,46.157,0.6694560669456067,1.3514644351464435,442174,2020-08-18 14:11:08.723000-04:00,,,,
PSAZ2G4,529048,3,3,0,0,17,53.832,61.838,0.7058823529411765,1.2941176470588236,40094,2020-08-19 15:26:19.247000-04:00,18,4,0,56.9444444444444,90.2439024390244,0.0,0.0,239,57.721,46.157,0.6694560669456067,1.3514644351464435,442174,2020-08-18 14:11:08.723000-04:00,,,,
PSAZ2G4,544215,1,1,0,0,16,39.175,43.9405,0.625,1.25,40094,2020-08-19 15:26:19.247000-04:00,18,4,0,56.9444444444444,90.2439024390244,0.0,0.0,239,57.721,46.157,0.6694560669456067,1.3514644351464435,442174,2020-08-18 14:11:08.723000-04:00,,,,
PSAZ2G4,628652,4,1,67,66,618,108.964,119.9435,0.7313084112149533,1.2297734627831716,40477,2020-08-20 08:47:21.009000-04:00,19,5,69,51.5789473684211,79.5918367346939,71.0144927536232,84.640171858217,7993,62.4,52.323,0.47785879423795125,1.4261228575003129,452803,2020-08-20 00:07:49.012000-04:00,,,,
PSAZ2G4,550628,4,3,67,65,753,50.523,59.291,0.5619223659889094,1.4648074369189907,40477,2020-08-20 08:47:21.009000-04:00,19,5,69,51.5789473684211,79.5918367346939,71.0144927536232,84.640171858217,7993,62.4,52.323,0.47785879423795125,1.4261228575003129,452803,2020-08-20 00:07:49.012000-04:00,,,,
PSAZ2G4,628176,1,1,13,4,62,53.35,64.59,0.2653061224489796,1.7903225806451613,40477,2020-08-20 08:47:21.009000-04:00,19,5,69,51.5789473684211,79.5918367346939,71.0144927536232,84.640171858217,7993,62.4,52.323,0.47785879423795125,1.4261228575003129,452803,2020-08-20 00:07:49.012000-04:00,,,,
PSAZ2G4,633245,4,4,66,66,618,58.1275,75.0505,0.6370023419203747,1.5129449838187703,40477,2020-08-20 08:47:21.009000-04:00,19,5,69,51.5789473684211,79.5918367346939,71.0144927536232,84.640171858217,7993,62.4,52.323,0.47785879423795125,1.4261228575003129,452803,2020-08-20 00:07:49.012000-04:00,,,,
PSAZ2G4,628242,2,2,62,60,525,59.754,63.514,0.5609065155807366,1.3866666666666667,40477,2020-08-20 08:47:21.009000-04:00,19,5,69,51.5789473684211,79.5918367346939,71.0144927536232,84.640171858217,7993,62.4,52.323,0.47785879423795125,1.4261228575003129,452803,2020-08-20 00:07:49.012000-04:00,,,,
PSAZ2G4,783731,2,2,56,40,399,65.136,77.318,0.44086021505376344,1.4912280701754386,40477,2020-08-20 08:47:21.009000-04:00,19,5,69,51.5789473684211,79.5918367346939,71.0144927536232,84.640171858217,7993,62.4,52.323,0.47785879423795125,1.4261228575003129,452803,2020-08-20 00:07:49.012000-04:00,,,,
PSAZ2G4,628249,4,4,65,65,635,47.829,60.819,0.40315315315315314,1.5354330708661417,40477,2020-08-20 08:47:21.009000-04:00,19,5,69,51.5789473684211,79.5918367346939,71.0144927536232,84.640171858217,7993,62.4,52.323,0.47785879423795125,1.4261228575003129,452803,2020-08-20 00:07:49.012000-04:00,,,,
PSAZ2G4,679024,3,2,53,49,469,43.196,53.025,0.3353658536585366,1.4690831556503199,40477,2020-08-20 08:47:21.009000-04:00,19,5,69,51.5789473684211,79.5918367346939,71.0144927536232,84.640171858217,7993,62.4,52.323,0.47785879423795125,1.4261228575003129,452803,2020-08-20 00:07:49.012000-04:00,,,,
PSAZ2G4,628259,4,4,66,64,670,70.6625,88.222,0.5287846481876333,1.5164179104477613,40477,2020-08-20 08:47:21.009000-04:00,19,5,69,51.5789473684211,79.5918367346939,71.0144927536232,84.640171858217,7993,62.4,52.323,0.47785879423795125,1.4261228575003129,452803,2020-08-20 00:07:49.012000-04:00,,,,
PSAZ2G4,628336,4,4,65,59,562,47.674,57.7785,0.5210918114143921,1.300711743772242,40477,2020-08-20 08:47:21.009000-04:00,19,5,69,51.5789473684211,79.5918367346939,71.0144927536232,84.640171858217,7993,62.4,52.323,0.47785879423795125,1.4261228575003129,452803,2020-08-20 00:07:49.012000-04:00,,,,
PSAZ2G4,968249,11,10,14,6,89,61.325,94.86,0.6455696202531646,1.550561797752809,49435,2020-08-31 12:21:21.830000-04:00,16,13,169,64.4230769230769,82.089552238806,24.5931952662722,73.0827067669173,3308,61.4635,50.073,0.5690821256038647,1.4011487303506651,540711,2020-08-31 11:21:25.912000-04:00,,,,
PSAZ2G4,689065,10,10,75,61,422,84.381,93.8345,0.7916666666666666,1.1563981042654028,49435,2020-08-31 12:21:21.830000-04:00,16,13,169,64.4230769230769,82.089552238806,24.5931952662722,73.0827067669173,3308,61.4635,50.073,0.5690821256038647,1.4011487303506651,540711,2020-08-31 11:21:25.912000-04:00,,,,
PSAZ2G4,650992,8,6,93,83,595,75.391,83.815,0.5509138381201044,1.4067226890756304,49435,2020-08-31 12:21:21.830000-04:00,16,13,169,64.4230769230769,82.089552238806,24.5931952662722,73.0827067669173,3308,61.4635,50.073,0.5690821256038647,1.4011487303506651,540711,2020-08-31 11:21:25.912000-04:00,,,,
PSAZ2G4,645041,13,11,48,38,294,36.452,41.7095,0.4793814432989691,1.5068027210884354,49436,2020-08-31 12:21:21.831000-04:00,19,13,169,66.8016194331984,78.7878787878788,25.1635004671442,78.8366336633663,5173,59.952,49.831,0.6064575083764849,1.341001353179973,540711,2020-08-31 11:21:25.912000-04:00,,,,
PSAZ2G4,768441,10,5,60,28,244,45.892,64.2725,0.5231788079470199,1.3975409836065573,49436,2020-08-31 12:21:21.831000-04:00,19,13,169,66.8016194331984,78.7878787878788,25.1635004671442,78.8366336633663,5173,59.952,49.831,0.6064575083764849,1.341001353179973,540711,2020-08-31 11:21:25.912000-04:00,,,,
PSAZ2G4,652027,12,11,37,27,223,41.673,55.846,0.5263157894736842,1.390134529147982,49436,2020-08-31 12:21:21.831000-04:00,19,13,169,66.8016194331984,78.7878787878788,25.1635004671442,78.8366336633663,5173,59.952,49.831,0.6064575083764849,1.341001353179973,540711,2020-08-31 11:21:25.912000-04:00,,,,
PSAZ2G4,678194,12,8,65,35,270,71.1135,111.025,0.47126436781609193,1.6407407407407406,49436,2020-08-31 12:21:21.831000-04:00,19,13,169,66.8016194331984,78.7878787878788,25.1635004671442,78.8366336633663,5173,59.952,49.831,0.6064575083764849,1.341001353179973,540711,2020-08-31 11:21:25.912000-04:00,,,,
PSAZ2G4,631036,3,3,62,62,652,48.3835,57.623,0.37472283813747226,1.5690184049079754,55122,2020-09-08 11:19:33.072000-04:00,16,5,68,70.0,87.5,86.3051470588235,91.7997870074547,8511,86.755,74.419,0.5938346883468835,1.3852661261896368,452803,2020-08-20 00:07:49.012000-04:00,,,,
PSAZ2G4,630380,4,4,66,66,625,65.838,77.439,0.511520737327189,1.344,55122,2020-09-08 11:19:33.072000-04:00,16,5,68,70.0,87.5,86.3051470588235,91.7997870074547,8511,86.755,74.419,0.5938346883468835,1.3852661261896368,452803,2020-08-20 00:07:49.012000-04:00,,,,
PSAZ2G4,630411,4,4,65,53,514,104.5715,119.163,0.6122994652406417,1.359922178988327,55122,2020-09-08 11:19:33.072000-04:00,16,5,68,70.0,87.5,86.3051470588235,91.7997870074547,8511,86.755,74.419,0.5938346883468835,1.3852661261896368,452803,2020-08-20 00:07:49.012000-04:00,,,,
PSAZ2G4,631030,4,3,63,44,469,85.861,108.474,0.4953560371517028,1.4051172707889126,55122,2020-09-08 11:19:33.072000-04:00,16,5,68,70.0,87.5,86.3051470588235,91.7997870074547,8511,86.755,74.419,0.5938346883468835,1.3852661261896368,452803,2020-08-20 00:07:49.012000-04:00,,,,
PSAZ2G4,631044,4,4,66,62,578,56.383,62.088,0.8488664987405542,1.2006920415224913,55122,2020-09-08 11:19:33.072000-04:00,16,5,68,70.0,87.5,86.3051470588235,91.7997870074547,8511,86.755,74.419,0.5938346883468835,1.3852661261896368,452803,2020-08-20 00:07:49.012000-04:00,,,,
PSAZ2G4,631050,4,4,66,66,618,90.1555,99.691,0.7096018735362998,1.343042071197411,55122,2020-09-08 11:19:33.072000-04:00,16,5,68,70.0,87.5,86.3051470588235,91.7997870074547,8511,86.755,74.419,0.5938346883468835,1.3852661261896368,452803,2020-08-20 00:07:49.012000-04:00,,,,
PSAZ2G4,631053,4,3,64,57,520,37.732,44.2545,0.5083798882681564,1.4076923076923078,55122,2020-09-08 11:19:33.072000-04:00,16,5,68,70.0,87.5,86.3051470588235,91.7997870074547,8511,86.755,74.419,0.5938346883468835,1.3852661261896368,452803,2020-08-20 00:07:49.012000-04:00,,,,
PSAZ2G4,631055,4,4,66,66,605,156.238,172.208,0.855072463768116,1.1289256198347106,55122,2020-09-08 11:19:33.072000-04:00,16,5,68,70.0,87.5,86.3051470588235,91.7997870074547,8511,86.755,74.419,0.5938346883468835,1.3852661261896368,452803,2020-08-20 00:07:49.012000-04:00,,,,
PSAZ2G4,631058,4,4,66,66,605,132.268,156.279,0.8019323671497585,1.1801652892561982,55122,2020-09-08 11:19:33.072000-04:00,16,5,68,70.0,87.5,86.3051470588235,91.7997870074547,8511,86.755,74.419,0.5938346883468835,1.3852661261896368,452803,2020-08-20 00:07:49.012000-04:00,,,,
PSAZ2G4,631090,4,3,66,66,761,75.784,88.904,0.5166666666666667,1.4664914586070958,55122,2020-09-08 11:19:33.072000-04:00,16,5,68,70.0,87.5,86.3051470588235,91.7997870074547,8511,86.755,74.419,0.5938346883468835,1.3852661261896368,452803,2020-08-20 00:07:49.012000-04:00,,,,
PSAZ2G4,631270,4,4,65,64,619,82.532,96.792,0.7309523809523809,1.2956381260096932,55122,2020-09-08 11:19:33.072000-04:00,16,5,68,70.0,87.5,86.3051470588235,91.7997870074547,8511,86.755,74.419,0.5938346883468835,1.3852661261896368,452803,2020-08-20 00:07:49.012000-04:00,,,,
PSAZ2G4,631395,4,4,67,67,651,66.175,82.761,0.3173913043478261,1.619047619047619,55122,2020-09-08 11:19:33.072000-04:00,16,5,68,70.0,87.5,86.3051470588235,91.7997870074547,8511,86.755,74.419,0.5938346883468835,1.3852661261896368,452803,2020-08-20 00:07:49.012000-04:00,,,,
PSAZ2G4,774031,3,3,66,60,597,70.039,85.346,0.5,1.576214405360134,55122,2020-09-08 11:19:33.072000-04:00,16,5,68,70.0,87.5,86.3051470588235,91.7997870074547,8511,86.755,74.419,0.5938346883468835,1.3852661261896368,452803,2020-08-20 00:07:49.012000-04:00,,,,
PSAZ2G4,710424,2,2,47,46,257,52.804,64.589,0.6528497409326425,1.424124513618677,60296,2020-09-14 12:47:47.209000-04:00,60,3,55,55.0,87.8787878787879,54.1515151515151,91.9418019026301,8247,46.791,38.458,0.5556606748659729,1.6127076512671275,83665,2019-11-29 14:50:38.727000-05:00,1982.0,Rhode Island,No,None
PSAZ2G4,710593,4,3,41,32,158,50.5935,66.3215,0.5454545454545454,1.5759493670886076,60296,2020-09-14 12:47:47.209000-04:00,60,3,55,55.0,87.8787878787879,54.1515151515151,91.9418019026301,8247,46.791,38.458,0.5556606748659729,1.6127076512671275,83665,2019-11-29 14:50:38.727000-05:00,1982.0,Rhode Island,No,None
PSAZ2G4,712217,4,4,47,47,241,48.815,64.073,0.7049180327868853,1.3858921161825726,60296,2020-09-14 12:47:47.209000-04:00,60,3,55,55.0,87.8787878787879,54.1515151515151,91.9418019026301,8247,46.791,38.458,0.5556606748659729,1.6127076512671275,83665,2019-11-29 14:50:38.727000-05:00,1982.0,Rhode Island,No,None
PSAZ2G4,713478,4,3,48,43,239,29.381,43.026,0.4117647058823529,1.895397489539749,60296,2020-09-14 12:47:47.209000-04:00,60,3,55,55.0,87.8787878787879,54.1515151515151,91.9418019026301,8247,46.791,38.458,0.5556606748659729,1.6127076512671275,83665,2019-11-29 14:50:38.727000-05:00,1982.0,Rhode Island,No,None
PSAZ2G4,714323,3,3,47,47,240,35.7325,43.6545,0.6648351648351648,1.5,60296,2020-09-14 12:47:47.209000-04:00,60,3,55,55.0,87.8787878787879,54.1515151515151,91.9418019026301,8247,46.791,38.458,0.5556606748659729,1.6127076512671275,83665,2019-11-29 14:50:38.727000-05:00,1982.0,Rhode Island,No,None
PSAZ2G4,715036,3,3,47,46,232,66.112,70.0035,0.7613636363636364,1.2543103448275863,60296,2020-09-14 12:47:47.209000-04:00,60,3,55,55.0,87.8787878787879,54.1515151515151,91.9418019026301,8247,46.791,38.458,0.5556606748659729,1.6127076512671275,83665,2019-11-29 14:50:38.727000-05:00,1982.0,Rhode Island,No,None
PSAZ2G4,715359,4,4,47,46,218,37.652,44.248,0.536144578313253,1.5779816513761469,60296,2020-09-14 12:47:47.209000-04:00,60,3,55,55.0,87.8787878787879,54.1515151515151,91.9418019026301,8247,46.791,38.458,0.5556606748659729,1.6127076512671275,83665,2019-11-29 14:50:38.727000-05:00,1982.0,Rhode Island,No,None
PSAZ2G4,715420,4,2,40,37,207,55.705,73.358,0.5308641975308642,1.5458937198067633,60296,2020-09-14 12:47:47.209000-04:00,60,3,55,55.0,87.8787878787879,54.1515151515151,91.9418019026301,8247,46.791,38.458,0.5556606748659729,1.6127076512671275,83665,2019-11-29 14:50:38.727000-05:00,1982.0,Rhode Island,No,None
PSAZ2G4,715570,4,4,47,45,215,54.708,63.246,0.558282208588957,1.5581395348837208,60296,2020-09-14 12:47:47.209000-04:00,60,3,55,55.0,87.8787878787879,54.1515151515151,91.9418019026301,8247,46.791,38.458,0.5556606748659729,1.6127076512671275,83665,2019-11-29 14:50:38.727000-05:00,1982.0,Rhode Island,No,None
PSAZ2G4,715689,2,2,47,47,231,67.999,77.875,0.6011560693641619,1.5151515151515151,60296,2020-09-14 12:47:47.209000-04:00,60,3,55,55.0,87.8787878787879,54.1515151515151,91.9418019026301,8247,46.791,38.458,0.5556606748659729,1.6127076512671275,83665,2019-11-29 14:50:38.727000-05:00,1982.0,Rhode Island,No,None
PSAZ2G4,715786,3,3,40,35,193,30.8,36.522,0.58,1.5958549222797926,60296,2020-09-14 12:47:47.209000-04:00,60,3,55,55.0,87.8787878787879,54.1515151515151,91.9418019026301,8247,46.791,38.458,0.5556606748659729,1.6127076512671275,83665,2019-11-29 14:50:38.727000-05:00,1982.0,Rhode Island,No,None
PSAZ2G4,680750,2,1,48,44,209,61.521,71.131,0.8064516129032258,1.2727272727272727,60296,2020-09-14 12:47:47.209000-04:00,60,3,55,55.0,87.8787878787879,54.1515151515151,91.9418019026301,8247,46.791,38.458,0.5556606748659729,1.6127076512671275,83665,2019-11-29 14:50:38.727000-05:00,1982.0,Rhode Island,No,None
PSAZ2G4,715841,4,3,46,39,229,39.919,49.298,0.6067415730337079,1.6331877729257642,60296,2020-09-14 12:47:47.209000-04:00,60,3,55,55.0,87.8787878787879,54.1515151515151,91.9418019026301,8247,46.791,38.458,0.5556606748659729,1.6127076512671275,83665,2019-11-29 14:50:38.727000-05:00,1982.0,Rhode Island,No,None
PSAZ2G4,716215,1,0,16,9,52,86.9225,125.4315,0.425,2.076923076923077,60296,2020-09-14 12:47:47.209000-04:00,60,3,55,55.0,87.8787878787879,54.1515151515151,91.9418019026301,8247,46.791,38.458,0.5556606748659729,1.6127076512671275,83665,2019-11-29 14:50:38.727000-05:00,1982.0,Rhode Island,No,None
PSAZ2G4,716441,3,3,47,47,242,35.9825,41.095,0.585635359116022,1.71900826446281,60296,2020-09-14 12:47:47.209000-04:00,60,3,55,55.0,87.8787878787879,54.1515151515151,91.9418019026301,8247,46.791,38.458,0.5556606748659729,1.6127076512671275,83665,2019-11-29 14:50:38.727000-05:00,1982.0,Rhode Island,No,None
PSAZ2G4,716819,3,3,46,45,234,54.5695,62.897,0.5777777777777777,1.594017094017094,60296,2020-09-14 12:47:47.209000-04:00,60,3,55,55.0,87.8787878787879,54.1515151515151,91.9418019026301,8247,46.791,38.458,0.5556606748659729,1.6127076512671275,83665,2019-11-29 14:50:38.727000-05:00,1982.0,Rhode Island,No,None
PSAZ2G4,716840,3,3,44,42,211,39.479,46.017,0.575,1.6540284360189572,60296,2020-09-14 12:47:47.209000-04:00,60,3,55,55.0,87.8787878787879,54.1515151515151,91.9418019026301,8247,46.791,38.458,0.5556606748659729,1.6127076512671275,83665,2019-11-29 14:50:38.727000-05:00,1982.0,Rhode Island,No,None
PSAZ2G4,680278,4,4,44,43,229,44.133,60.268,0.4602272727272727,1.7903930131004366,60296,2020-09-14 12:47:47.209000-04:00,60,3,55,55.0,87.8787878787879,54.1515151515151,91.9418019026301,8247,46.791,38.458,0.5556606748659729,1.6127076512671275,83665,2019-11-29 14:50:38.727000-05:00,1982.0,Rhode Island,No,None
PSAZ2G4,983798,4,3,18,18,110,55.7035,59.1585,0.7341772151898734,1.3636363636363635,60296,2020-09-14 12:47:47.209000-04:00,60,3,55,55.0,87.8787878787879,54.1515151515151,91.9418019026301,8247,46.791,38.458,0.5556606748659729,1.6127076512671275,83665,2019-11-29 14:50:38.727000-05:00,1982.0,Rhode Island,No,None
PSAZ2G4,998220,4,2,15,14,95,53.136,62.21,0.40789473684210525,1.4842105263157894,60296,2020-09-14 12:47:47.209000-04:00,60,3,55,55.0,87.8787878787879,54.1515151515151,91.9418019026301,8247,46.791,38.458,0.5556606748659729,1.6127076512671275,83665,2019-11-29 14:50:38.727000-05:00,1982.0,Rhode Island,No,None
PSAZ2G4,680731,2,1,42,38,180,39.007,51.5855,0.41496598639455784,2.061111111111111,60296,2020-09-14 12:47:47.209000-04:00,60,3,55,55.0,87.8787878787879,54.1515151515151,91.9418019026301,8247,46.791,38.458,0.5556606748659729,1.6127076512671275,83665,2019-11-29 14:50:38.727000-05:00,1982.0,Rhode Island,No,None
PSAZ2G4,1015204,4,3,5,5,39,21.806,24.804,0.6111111111111112,1.4871794871794872,60296,2020-09-14 12:47:47.209000-04:00,60,3,55,55.0,87.8787878787879,54.1515151515151,91.9418019026301,8247,46.791,38.458,0.5556606748659729,1.6127076512671275,83665,2019-11-29 14:50:38.727000-05:00,1982.0,Rhode Island,No,None
PSAZ2G4,1011833,4,2,8,8,49,31.054,38.136,0.5,1.4897959183673468,60296,2020-09-14 12:47:47.209000-04:00,60,3,55,55.0,87.8787878787879,54.1515151515151,91.9418019026301,8247,46.791,38.458,0.5556606748659729,1.6127076512671275,83665,2019-11-29 14:50:38.727000-05:00,1982.0,Rhode Island,No,None
PSAZ2G4,716910,4,3,40,39,199,36.517,46.745,0.6794871794871795,1.271356783919598,60296,2020-09-14 12:47:47.209000-04:00,60,3,55,55.0,87.8787878787879,54.1515151515151,91.9418019026301,8247,46.791,38.458,0.5556606748659729,1.6127076512671275,83665,2019-11-29 14:50:38.727000-05:00,1982.0,Rhode Island,No,None
PSAZ2G4,736813,1,1,16,14,56,41.419,45.8925,0.5609756097560976,1.5714285714285714,60296,2020-09-14 12:47:47.209000-04:00,60,3,55,55.0,87.8787878787879,54.1515151515151,91.9418019026301,8247,46.791,38.458,0.5556606748659729,1.6127076512671275,83665,2019-11-29 14:50:38.727000-05:00,1982.0,Rhode Island,No,None
PSAZ2G4,680598,4,4,47,47,254,26.116,34.5885,0.5948717948717949,1.562992125984252,60296,2020-09-14 12:47:47.209000-04:00,60,3,55,55.0,87.8787878787879,54.1515151515151,91.9418019026301,8247,46.791,38.458,0.5556606748659729,1.6127076512671275,83665,2019-11-29 14:50:38.727000-05:00,1982.0,Rhode Island,No,None
PSAZ2G4,1016851,3,3,6,6,50,20.12,26.896,0.4090909090909091,1.9,60296,2020-09-14 12:47:47.209000-04:00,60,3,55,55.0,87.8787878787879,54.1515151515151,91.9418019026301,8247,46.791,38.458,0.5556606748659729,1.6127076512671275,83665,2019-11-29 14:50:38.727000-05:00,1982.0,Rhode Island,No,None
PSAZ2G4,680553,4,4,48,45,246,43.9335,53.743,0.6542553191489362,1.516260162601626,60296,2020-09-14 12:47:47.209000-04:00,60,3,55,55.0,87.8787878787879,54.1515151515151,91.9418019026301,8247,46.791,38.458,0.5556606748659729,1.6127076512671275,83665,2019-11-29 14:50:38.727000-05:00,1982.0,Rhode Island,No,None
PSAZ2G4,680975,4,3,46,45,234,15.514,19.0115,0.4044943820224719,1.688034188034188,60296,2020-09-14 12:47:47.209000-04:00,60,3,55,55.0,87.8787878787879,54.1515151515151,91.9418019026301,8247,46.791,38.458,0.5556606748659729,1.6127076512671275,83665,2019-11-29 14:50:38.727000-05:00,1982.0,Rhode Island,No,None
PSAZ2G4,680705,4,4,46,46,239,49.932,55.51,0.7527472527472527,1.3389121338912133,60296,2020-09-14 12:47:47.209000-04:00,60,3,55,55.0,87.8787878787879,54.1515151515151,91.9418019026301,8247,46.791,38.458,0.5556606748659729,1.6127076512671275,83665,2019-11-29 14:50:38.727000-05:00,1982.0,Rhode Island,No,None
PSAZ2G4,693518,4,2,40,33,172,19.1745,31.1855,0.3617021276595745,1.9418604651162792,60296,2020-09-14 12:47:47.209000-04:00,60,3,55,55.0,87.8787878787879,54.1515151515151,91.9418019026301,8247,46.791,38.458,0.5556606748659729,1.6127076512671275,83665,2019-11-29 14:50:38.727000-05:00,1982.0,Rhode Island,No,None
PSAZ2G4,693556,1,1,44,41,197,38.941,45.761,0.48026315789473684,1.5228426395939085,60296,2020-09-14 12:47:47.209000-04:00,60,3,55,55.0,87.8787878787879,54.1515151515151,91.9418019026301,8247,46.791,38.458,0.5556606748659729,1.6127076512671275,83665,2019-11-29 14:50:38.727000-05:00,1982.0,Rhode Island,No,None
PSAZ2G4,710259,3,3,48,46,242,70.487,81.734,0.5956284153005464,1.537190082644628,60296,2020-09-14 12:47:47.209000-04:00,60,3,55,55.0,87.8787878787879,54.1515151515151,91.9418019026301,8247,46.791,38.458,0.5556606748659729,1.6127076512671275,83665,2019-11-29 14:50:38.727000-05:00,1982.0,Rhode Island,No,None
PSAZ2G4,710398,1,0,47,45,206,19.2695,34.2335,0.33548387096774196,1.9563106796116505,60296,2020-09-14 12:47:47.209000-04:00,60,3,55,55.0,87.8787878787879,54.1515151515151,91.9418019026301,8247,46.791,38.458,0.5556606748659729,1.6127076512671275,83665,2019-11-29 14:50:38.727000-05:00,1982.0,Rhode Island,No,None
PSAZ2G4,953098,75,61,0,0,415,23.814,26.582,0.7903614457831325,1.2481927710843372,75984,2020-11-18 10:43:32.701000-05:00,24,77,0,92.478354978355,69.3387946167349,0.0,0.0,9554,22.1435,18.562,0.6901821226711325,1.3884236968808876,944906,2020-12-07 11:37:41.532000-05:00,,,,
PSAZ2G4,953044,75,75,0,0,413,20.166,20.778,0.8305084745762712,1.2590799031476998,75984,2020-11-18 10:43:32.701000-05:00,24,77,0,92.478354978355,69.3387946167349,0.0,0.0,9554,22.1435,18.562,0.6901821226711325,1.3884236968808876,944906,2020-12-07 11:37:41.532000-05:00,,,,
PSAZ2G4,953047,75,65,0,0,522,11.62,14.295,0.6609195402298851,1.3237547892720307,75984,2020-11-18 10:43:32.701000-05:00,24,77,0,92.478354978355,69.3387946167349,0.0,0.0,9554,22.1435,18.562,0.6901821226711325,1.3884236968808876,944906,2020-12-07 11:37:41.532000-05:00,,,,
PSAZ2G4,953048,75,47,0,0,447,15.195,19.95,0.6868008948545862,1.3310961968680088,75984,2020-11-18 10:43:32.701000-05:00,24,77,0,92.478354978355,69.3387946167349,0.0,0.0,9554,22.1435,18.562,0.6901821226711325,1.3884236968808876,944906,2020-12-07 11:37:41.532000-05:00,,,,
PSAZ2G4,953049,75,57,0,0,476,16.6715,19.3615,0.7373949579831933,1.3319327731092436,75984,2020-11-18 10:43:32.701000-05:00,24,77,0,92.478354978355,69.3387946167349,0.0,0.0,9554,22.1435,18.562,0.6901821226711325,1.3884236968808876,944906,2020-12-07 11:37:41.532000-05:00,,,,
PSAZ2G4,953050,73,49,0,0,362,16.504,21.6095,0.7099447513812155,1.3812154696132597,75984,2020-11-18 10:43:32.701000-05:00,24,77,0,92.478354978355,69.3387946167349,0.0,0.0,9554,22.1435,18.562,0.6901821226711325,1.3884236968808876,944906,2020-12-07 11:37:41.532000-05:00,,,,
PSAZ2G4,953051,65,11,0,0,135,36.43,44.833,0.6444444444444445,1.5333333333333332,75984,2020-11-18 10:43:32.701000-05:00,24,77,0,92.478354978355,69.3387946167349,0.0,0.0,9554,22.1435,18.562,0.6901821226711325,1.3884236968808876,944906,2020-12-07 11:37:41.532000-05:00,,,,
PSAZ2G4,953053,74,67,0,0,462,15.034,19.772,0.7056277056277056,1.4848484848484849,75984,2020-11-18 10:43:32.701000-05:00,24,77,0,92.478354978355,69.3387946167349,0.0,0.0,9554,22.1435,18.562,0.6901821226711325,1.3884236968808876,944906,2020-12-07 11:37:41.532000-05:00,,,,
PSAZ2G4,953056,75,65,0,0,566,15.6025,18.264,0.6466431095406361,1.431095406360424,75984,2020-11-18 10:43:32.701000-05:00,24,77,0,92.478354978355,69.3387946167349,0.0,0.0,9554,22.1435,18.562,0.6901821226711325,1.3884236968808876,944906,2020-12-07 11:37:41.532000-05:00,,,,
PSAZ2G4,953059,74,55,0,0,505,22.511,29.288,0.6237623762376238,1.3623762376237625,75984,2020-11-18 10:43:32.701000-05:00,24,77,0,92.478354978355,69.3387946167349,0.0,0.0,9554,22.1435,18.562,0.6901821226711325,1.3884236968808876,944906,2020-12-07 11:37:41.532000-05:00,,,,
PSAZ2G4,953061,55,21,0,0,218,23.4235,28.7605,0.6788990825688074,1.408256880733945,75984,2020-11-18 10:43:32.701000-05:00,24,77,0,92.478354978355,69.3387946167349,0.0,0.0,9554,22.1435,18.562,0.6901821226711325,1.3884236968808876,944906,2020-12-07 11:37:41.532000-05:00,,,,
PSAZ2G4,953062,59,38,0,0,312,21.11,25.266,0.6955128205128205,1.439102564102564,75984,2020-11-18 10:43:32.701000-05:00,24,77,0,92.478354978355,69.3387946167349,0.0,0.0,9554,22.1435,18.562,0.6901821226711325,1.3884236968808876,944906,2020-12-07 11:37:41.532000-05:00,,,,
PSAZ2G4,953064,71,45,0,0,364,15.463,17.4955,0.7197802197802198,1.4230769230769231,75984,2020-11-18 10:43:32.701000-05:00,24,77,0,92.478354978355,69.3387946167349,0.0,0.0,9554,22.1435,18.562,0.6901821226711325,1.3884236968808876,944906,2020-12-07 11:37:41.532000-05:00,,,,
PSAZ2G4,953070,74,58,0,0,524,13.094,17.527,0.5858778625954199,1.4217557251908397,75984,2020-11-18 10:43:32.701000-05:00,24,77,0,92.478354978355,69.3387946167349,0.0,0.0,9554,22.1435,18.562,0.6901821226711325,1.3884236968808876,944906,2020-12-07 11:37:41.532000-05:00,,,,
PSAZ2G4,953071,75,50,0,0,544,19.519,25.957,0.6470588235294118,1.3713235294117647,75984,2020-11-18 10:43:32.701000-05:00,24,77,0,92.478354978355,69.3387946167349,0.0,0.0,9554,22.1435,18.562,0.6901821226711325,1.3884236968808876,944906,2020-12-07 11:37:41.532000-05:00,,,,
PSAZ2G4,953072,73,46,0,0,379,15.949,21.726,0.6569920844327177,1.4353562005277045,75984,2020-11-18 10:43:32.701000-05:00,24,77,0,92.478354978355,69.3387946167349,0.0,0.0,9554,22.1435,18.562,0.6901821226711325,1.3884236968808876,944906,2020-12-07 11:37:41.532000-05:00,,,,
PSAZ2G4,953073,73,62,0,0,369,18.222,19.597,0.7913279132791328,1.3008130081300813,75984,2020-11-18 10:43:32.701000-05:00,24,77,0,92.478354978355,69.3387946167349,0.0,0.0,9554,22.1435,18.562,0.6901821226711325,1.3884236968808876,944906,2020-12-07 11:37:41.532000-05:00,,,,
PSAZ2G4,953086,75,60,0,0,443,18.941,21.451,0.7200902934537246,1.327313769751693,75984,2020-11-18 10:43:32.701000-05:00,24,77,0,92.478354978355,69.3387946167349,0.0,0.0,9554,22.1435,18.562,0.6901821226711325,1.3884236968808876,944906,2020-12-07 11:37:41.532000-05:00,,,,
PSAZ2G4,953110,69,49,0,0,432,16.8485,21.6515,0.6597222222222222,1.5115740740740742,75984,2020-11-18 10:43:32.701000-05:00,24,77,0,92.478354978355,69.3387946167349,0.0,0.0,9554,22.1435,18.562,0.6901821226711325,1.3884236968808876,944906,2020-12-07 11:37:41.532000-05:00,,,,
PSAZ2G4,953167,75,66,0,0,477,25.826,31.769,0.7379454926624738,1.3752620545073375,75984,2020-11-18 10:43:32.701000-05:00,24,77,0,92.478354978355,69.3387946167349,0.0,0.0,9554,22.1435,18.562,0.6901821226711325,1.3884236968808876,944906,2020-12-07 11:37:41.532000-05:00,,,,
PSAZ2G4,953456,75,40,0,0,398,19.336,23.863,0.5678391959798995,1.6155778894472361,75984,2020-11-18 10:43:32.701000-05:00,24,77,0,92.478354978355,69.3387946167349,0.0,0.0,9554,22.1435,18.562,0.6901821226711325,1.3884236968808876,944906,2020-12-07 11:37:41.532000-05:00,,,,
PSAZ2G4,954192,73,20,0,0,283,26.633,34.102,0.5865724381625441,1.5865724381625441,75984,2020-11-18 10:43:32.701000-05:00,24,77,0,92.478354978355,69.3387946167349,0.0,0.0,9554,22.1435,18.562,0.6901821226711325,1.3884236968808876,944906,2020-12-07 11:37:41.532000-05:00,,,,
PSAZ2G4,956361,64,22,0,0,229,24.544,27.186,0.6637554585152838,1.4104803493449782,75984,2020-11-18 10:43:32.701000-05:00,24,77,0,92.478354978355,69.3387946167349,0.0,0.0,9554,22.1435,18.562,0.6901821226711325,1.3884236968808876,944906,2020-12-07 11:37:41.532000-05:00,,,,
PSAZ2G4,1000496,2,2,14,13,123,65.978,67.909,0.5777777777777777,1.4634146341463414,82438,2021-03-03 19:32:57.579000-05:00,20,3,14,38.3333333333333,78.2608695652174,57.5,86.9565217391304,1292,52.25,46.391,0.6938325991189427,1.348297213622291,783322,2020-09-23 18:22:58.933000-04:00,1756.0,New York,No,None
PSAZ2G4,1000542,2,2,13,13,124,47.919,56.199,0.7692307692307693,1.2338709677419355,82438,2021-03-03 19:32:57.579000-05:00,20,3,14,38.3333333333333,78.2608695652174,57.5,86.9565217391304,1292,52.25,46.391,0.6938325991189427,1.348297213622291,783322,2020-09-23 18:22:58.933000-04:00,1756.0,New York,No,None
PSAZ2G4,1000719,2,1,14,13,128,40.767,51.2045,0.5263157894736842,1.65625,82438,2021-03-03 19:32:57.579000-05:00,20,3,14,38.3333333333333,78.2608695652174,57.5,86.9565217391304,1292,52.25,46.391,0.6938325991189427,1.348297213622291,783322,2020-09-23 18:22:58.933000-04:00,1756.0,New York,No,None
PSAZ2G4,1000797,1,1,9,9,79,52.736,58.11,0.7058823529411765,1.2658227848101267,82438,2021-03-03 19:32:57.579000-05:00,20,3,14,38.3333333333333,78.2608695652174,57.5,86.9565217391304,1292,52.25,46.391,0.6938325991189427,1.348297213622291,783322,2020-09-23 18:22:58.933000-04:00,1756.0,New York,No,None
PSAZ2G4,1000817,1,1,7,5,32,20.277,32.9985,0.5454545454545454,2.15625,82438,2021-03-03 19:32:57.579000-05:00,20,3,14,38.3333333333333,78.2608695652174,57.5,86.9565217391304,1292,52.25,46.391,0.6938325991189427,1.348297213622291,783322,2020-09-23 18:22:58.933000-04:00,1756.0,New York,No,None
PSAZ2G4,1001009,2,2,13,13,121,52.276,53.583,0.8636363636363636,1.15702479338843,82438,2021-03-03 19:32:57.579000-05:00,20,3,14,38.3333333333333,78.2608695652174,57.5,86.9565217391304,1292,52.25,46.391,0.6938325991189427,1.348297213622291,783322,2020-09-23 18:22:58.933000-04:00,1756.0,New York,No,None
PSAZ2G4,1002713,1,1,11,10,94,48.4055,52.7075,0.8153846153846154,1.1595744680851063,82438,2021-03-03 19:32:57.579000-05:00,20,3,14,38.3333333333333,78.2608695652174,57.5,86.9565217391304,1292,52.25,46.391,0.6938325991189427,1.348297213622291,783322,2020-09-23 18:22:58.933000-04:00,1756.0,New York,No,None
PSAZ2G4,1000487,0,0,9,8,62,17.479,19.659,0.48717948717948717,1.4193548387096775,82438,2021-03-03 19:32:57.579000-05:00,20,3,14,38.3333333333333,78.2608695652174,57.5,86.9565217391304,1292,52.25,46.391,0.6938325991189427,1.348297213622291,783322,2020-09-23 18:22:58.933000-04:00,1756.0,New York,No,None
PSAZ2G4,1000486,2,1,13,13,124,68.7275,74.146,0.7472527472527473,1.2903225806451613,82438,2021-03-03 19:32:57.579000-05:00,20,3,14,38.3333333333333,78.2608695652174,57.5,86.9565217391304,1292,52.25,46.391,0.6938325991189427,1.348297213622291,783322,2020-09-23 18:22:58.933000-04:00,1756.0,New York,No,None
PSAZ2G4,1000437,2,2,13,13,118,52.552,55.224,0.8705882352941177,1.1440677966101696,82438,2021-03-03 19:32:57.579000-05:00,20,3,14,38.3333333333333,78.2608695652174,57.5,86.9565217391304,1292,52.25,46.391,0.6938325991189427,1.348297213622291,783322,2020-09-23 18:22:58.933000-04:00,1756.0,New York,No,None
PSAZ2G4,1001738,2,2,10,10,103,28.839,29.981,0.8666666666666667,1.1067961165048543,82440,2021-03-03 19:32:57.661000-05:00,12,3,10,25.0,100.0,50.8333333333333,91.8032786885246,476,42.1965,40.722,0.8368580060422961,1.153361344537815,783322,2020-09-23 18:22:58.933000-04:00,1756.0,New York,No,None
PSAZ2G4,1000960,2,2,11,11,83,26.927,28.943,0.875,1.1686746987951806,82440,2021-03-03 19:32:57.661000-05:00,12,3,10,25.0,100.0,50.8333333333333,91.8032786885246,476,42.1965,40.722,0.8368580060422961,1.153361344537815,783322,2020-09-23 18:22:58.933000-04:00,1756.0,New York,No,None
PSAZ2G4,1001740,2,2,10,10,108,51.363,55.748,0.7375,1.222222222222222,82440,2021-03-03 19:32:57.661000-05:00,12,3,10,25.0,100.0,50.8333333333333,91.8032786885246,476,42.1965,40.722,0.8368580060422961,1.153361344537815,783322,2020-09-23 18:22:58.933000-04:00,1756.0,New York,No,None
PSAZ2G4,1001123,0,0,3,3,23,23.906,24.231,0.7777777777777778,1.173913043478261,82440,2021-03-03 19:32:57.661000-05:00,12,3,10,25.0,100.0,50.8333333333333,91.8032786885246,476,42.1965,40.722,0.8368580060422961,1.153361344537815,783322,2020-09-23 18:22:58.933000-04:00,1756.0,New York,No,None
PSAZ2G4,1001136,2,2,10,10,100,28.591,28.594,0.9444444444444444,1.07,82440,2021-03-03 19:32:57.661000-05:00,12,3,10,25.0,100.0,50.8333333333333,91.8032786885246,476,42.1965,40.722,0.8368580060422961,1.153361344537815,783322,2020-09-23 18:22:58.933000-04:00,1756.0,New York,No,None
PSAZ2G4,1001192,2,2,10,9,96,61.0185,66.6855,0.8333333333333334,1.1770833333333333,82440,2021-03-03 19:32:57.661000-05:00,12,3,10,25.0,100.0,50.8333333333333,91.8032786885246,476,42.1965,40.722,0.8368580060422961,1.153361344537815,783322,2020-09-23 18:22:58.933000-04:00,1756.0,New York,No,None
